state,county,D,R,O
AL,Autauga,6137,19515,1440
AL,Baldwin,20341,74705,3646
AL,Barbour,4567,5519,221
AL,Bibb,1897,7490,321
AL,Blount,1839,25014,846
AL,Bullock,3519,1254,55
AL,Butler,3623,5089,152
AL,Calhoun,12439,34347,2226
AL,Chambers,5681,8341,419
AL,Cherokee,1276,10511,333
AL,Chilton,2762,16351,618
AL,Choctaw,2899,4250,106
AL,Clarke,5806,7293,215
AL,Clay,1124,5698,202
AL,Cleburne,741,6376,236
AL,Coffee,4099,17612,1104
AL,Colbert,5921,19530,1355
AL,Conecuh,3069,3540,123
AL,Coosa,1771,3737,126
AL,Covington,2071,14774,440
AL,Crenshaw,1655,4829,124
AL,Cullman,2611,34650,1434
AL,Dale,4220,14479,846
AL,Dallas,12863,5474,254
AL,DeKalb,2427,23295,1264
AL,Elmore,8788,29166,1845
AL,Escambia,4516,10864,507
AL,Etowah,8051,34560,1699
AL,Fayette,1240,7290,259
AL,Franklin,1603,11091,654
AL,Geneva,1442,11169,367
AL,Greene,3962,1041,36
AL,Hale,4510,3215,134
AL,Henry,2124,5922,223
AL,Houston,10993,31487,1898
AL,Jackson,1879,19429,980
AL,Jefferson,156395,129515,7054
AL,Lamar,867,6274,135
AL,Lauderdale,7775,29991,2173
AL,Lawrence,2628,13061,595
AL,Lee,23463,36539,3517
AL,Limestone,9416,31972,2440
AL,Lowndes,4766,1891,70
AL,Macon,7469,1602,226
AL,Madison,64490,89515,6804
AL,Marengo,5602,5359,223
AL,Marion,965,12683,452
AL,Marshall,3817,31349,1599
AL,Mobile,73170,94230,4437
AL,Monroe,4477,6098,213
AL,Montgomery,61317,33302,3288
AL,Morgan,9713,38976,2332
AL,Perry,3660,1519,59
AL,Pickens,3987,5859,165
AL,Pike,5004,7821,710
AL,Randolph,2061,8487,311
AL,Russell,9699,10173,801
AL,St. Clair,5799,33701,1709
AL,Shelby,27619,73136,4440
AL,Sumter,4622,1706,121
AL,Talladega,12070,21937,1023
AL,Tallapoosa,5268,14899,603
AL,Tuscaloosa,33727,48781,3321
AL,Walker,2965,25646,1105
AL,Washington,2172,6460,172
AL,Wilcox,4286,1923,62
AL,Winston,826,9888,352
AZ,Apache,16136,8453,3110
AZ,Cochise,17146,27674,4174
AZ,Coconino,33983,20244,5122
AZ,Gila,6514,15660,1637
AZ,Graham,3276,8511,1422
AZ,Greenlee,1161,2134,480
AZ,La Paz,1595,4287,629
AZ,Maricopa,699740,749376,9608
AZ,Mohave,17123,62450,4063
AZ,Navajo,15922,21723,3660
AZ,Pima,205999,161277,9326
AZ,Pinal,54832,80260,6479
AZ,Santa Cruz,13992,3790,1471
AZ,Yavapai,37320,73005,5863
AZ,Yuma,29766,26624,3638
AR,Arkansas,1722,4008,782
AR,Ashley,2087,6026,566
AR,Baxter,3742,16039,1217
AR,Benton,31454,62720,6069
AR,Boone,2621,13294,1180
AR,Bradley,1334,2357,278
AR,Calhoun,803,1769,98
AR,Carroll,3309,7240,899
AR,Chicot,2368,1994,156
AR,Clark,3468,4683,775
AR,Clay,953,4184,377
AR,Cleburne,1582,10325,810
AR,Cleveland,785,2744,267
AR,Columbia,2865,5389,481
AR,Conway,2323,5250,700
AR,Craighead,9536,25318,2554
AR,Crawford,3921,18136,1696
AR,Crittenden,8871,7430,946
AR,Cross,1896,4992,465
AR,Dallas,1232,1603,132
AR,Desha,2186,2118,152
AR,Drew,2256,4231,442
AR,Faulkner,15644,31449,3513
AR,Franklin,1148,5372,543
AR,Fulton,993,3826,374
AR,Garland,10498,27938,2745
AR,Grant,1304,6598,577
AR,Greene,2169,12457,1035
AR,Hempstead,2266,4719,439
AR,Hot Spring,2494,9457,910
AR,Howard,1396,3433,267
AR,Independence,2361,11119,1165
AR,Izard,965,4397,477
AR,Jackson,1210,3567,512
AR,Jefferson,13841,9590,986
AR,Johnson,2236,6940,932
AR,Lafayette,1066,1925,109
AR,Lawrence,918,4491,594
AR,Lee,1648,1379,79
AR,Lincoln,1277,2840,209
AR,Little River,1313,3934,370
AR,Logan,1508,6346,706
AR,Lonoke,5317,22377,2011
AR,Madison,1435,5354,484
AR,Marion,1293,5805,468
AR,Miller,3886,12365,893
AR,Mississippi,4975,7815,504
AR,Monroe,1265,1641,114
AR,Montgomery,811,2872,263
AR,Nevada,1229,2191,125
AR,Newton,732,3114,249
AR,Ouachita,3930,5334,381
AR,Perry,1073,3395,370
AR,Phillips,3985,2520,312
AR,Pike,799,3528,241
AR,Poinsett,1496,6256,562
AR,Polk,1155,7116,601
AR,Pope,4796,18300,1807
AR,Prairie,903,2824,167
AR,Pulaski,88968,60693,7277
AR,Randolph,1125,5123,706
AR,St. Francis,3658,3291,305
AR,Saline,12606,38747,3291
AR,Scott,625,2954,278
AR,Searcy,663,3209,210
AR,Sebastian,10274,28727,3391
AR,Sevier,1148,3575,304
AR,Sharp,1186,5824,537
AR,Stone,1195,4417,403
AR,Union,5420,10412,767
AR,Van Buren,1347,6103,659
AR,Washington,35291,42277,6187
AR,White,4211,22361,1195
AR,Woodruff,1090,1591,147
AR,Yell,1356,4990,551
CA,Alameda,501405,93806,9617
CA,Alpine,565,458,63
CA,Amador,6359,10776,1711
CA,Butte,43838,44858,7614
CA,Calaveras,8459,13910,1977
CA,Colusa,3087,3514,710
CA,Contra Costa,296662,114072,9589
CA,Del Norte,3593,5446,1361
CA,El Dorado,39984,48838,6603
CA,Fresno,142640,119300,9113
CA,Glenn,3266,5877,917
CA,Humboldt,33957,15983,7550
CA,Imperial,42113,14139,3121
CA,Inyo,3319,4287,1040
CA,Kern,101494,124554,9144
CA,Kings,16489,17455,2696
CA,Lake,13443,12597,2818
CA,Lassen,2094,7627,1062
CA,Los Angeles,770054,762440,9562
CA,Madera,20352,22176,2992
CA,Marin,107726,15290,7709
CA,Mariposa,3308,5336,737
CA,Mendocino,23404,10879,4576
CA,Merced,42599,26845,4367
CA,Modoc,1010,2716,336
CA,Mono,3034,2092,610
CA,Monterey,89628,32616,7467
CA,Napa,41858,14199,4395
CA,Nevada,28640,20463,5134
CA,Orange,600266,542626,9619
CA,Placer,76618,93808,8804
CA,Plumas,3502,5082,1208
CA,Riverside,367310,303801,9612
CA,Sacramento,313540,179809,9607
CA,San Benito,14596,7761,2227
CA,San Bernardino,329309,247770,9613
CA,San Diego,722623,503585,9616
CA,San Francisco,305698,37708,9597
CA,San Joaquin,123676,86639,8825
CA,San Luis Obispo,68732,55239,8573
CA,San Mateo,215485,56866,9402
CA,Santa Barbara,107142,55092,8761
CA,Santa Clara,491862,144638,9617
CA,Santa Cruz,94740,18812,8792
CA,Shasta,22747,52143,5683
CA,Sierra,818,1215,271
CA,Siskiyou,7649,11037,2334
CA,Solano,102958,51651,8139
CA,Sonoma,154083,50150,9465
CA,Stanislaus,84197,76920,8549
CA,Sutter,15930,17037,2741
CA,Tehama,6976,15819,1952
CA,Trinity,2270,2834,974
CA,Tulare,52682,57845,5896
CA,Tuolumne,9628,14605,2234
CA,Ventura,184885,128738,9515
CA,Yolo,58462,17340,5821
CA,Yuba,9603,14597,2419
CO,Adams,99074,80128,8820
CO,Alamosa,3026,3170,1193
CO,Arapahoe,163251,115747,9260
CO,Archuleta,2681,4522,939
CO,Baca,466,1957,154
CO,Bent,711,1361,221
CO,Boulder,132611,39040,8559
CO,Chaffee,5119,5617,1516
CO,Cheyenne,383,1125,53
CO,Clear Creek,2732,2681,896
CO,Conejos,1738,2017,599
CO,Costilla,1207,843,196
CO,Crowley,511,1324,155
CO,Custer,999,2300,330
CO,Delta,4184,12210,1476
CO,Denver,241859,60817,9321
CO,Dolores,465,1173,77
CO,Douglas,74787,103419,7618
CO,Eagle,16886,8375,2826
CO,Elbert,3243,12904,1768
CO,El Paso,111441,170740,9382
CO,Fremont,4872,16487,2035
CO,Garfield,12332,13398,2623
CO,Gilpin,1687,1790,640
CO,Grand,3516,4642,1171
CO,Gunnison,5573,3229,1540
CO,Hinsdale,444,575,72
CO,Huerfano,1690,2091,411
CO,Jackson,428,844,74
CO,Jefferson,161016,135122,9456
CO,Kiowa,355,945,44
CO,Kit Carson,663,3046,302
CO,Lake,1700,1477,498
CO,La Plata,16910,12018,3434
CO,Larimer,95112,82479,8896
CO,Las Animas,2419,3968,688
CO,Lincoln,591,2097,201
CO,Logan,1653,7979,905
CO,Mesa,22213,50913,5118
CO,Mineral,475,579,103
CO,Moffat,924,5608,525
CO,Montezuma,3970,8143,1528
CO,Montrose,5766,15126,1857
CO,Morgan,3011,8999,1020
CO,Otero,2744,5150,992
CO,Ouray,1924,1432,428
CO,Park,3531,6730,1357
CO,Phillips,613,1972,145
CO,Pitkin,8202,2276,1004
CO,Prowers,1233,3655,478
CO,Pueblo,35747,36600,5388
CO,Rio Blanco,633,2888,349
CO,Rio Grande,1979,3133,740
CO,Routt,8596,4891,1769
CO,Saguache,1375,1364,423
CO,San Juan,518,474,24
CO,San Miguel,3210,1117,509
CO,Sedgwick,471,1236,109
CO,Summit,10614,4628,2175
CO,Teller,3568,10465,1591
CO,Washington,486,2480,203
CO,Weld,50402,78318,7667
CO,Yuma,835,4043,323
CT,Fairfield,223003,153048,7365
CT,Hartford,233326,140575,8040
CT,Litchfield,41748,53385,3721
CT,Middlesex,46888,38747,3692
CT,New Haven,202476,146603,7280
CT,New London,62812,55311,5124
CT,Tolland,46537,39827,3878
CT,Windham,25238,27824,3072
DE,Kent,37439,37118,4043
DE,New Castle,160227,83296,8223
DE,Sussex,42455,64654,3860
DC,District of Columbia,280799,4429,8685
FL,Alachua,77276,46916,5117
FL,Baker,2163,11646,356
FL,Bay,22541,63249,3467
FL,Bradford,2865,9694,429
FL,Brevard,119631,171272,7844
FL,Broward,549367,237960,7339
FL,Calhoun,1167,5036,234
FL,Charlotte,34483,62843,2611
FL,Citrus,21522,57737,2568
FL,Clay,32253,75404,3704
FL,Collier,64979,105451,3680
FL,Columbia,7756,22141,1071
FL,Desoto,3801,7640,408
FL,Dixie,1193,6605,173
FL,Duval,200512,196810,8072
FL,Escambia,59770,87180,4903
FL,Flagler,24263,38495,2201
FL,Franklin,1804,4618,217
FL,Gadsden,14743,7107,600
FL,Gilchrist,1415,7521,371
FL,Glades,1279,3448,121
FL,Gulf,1676,5645,368
FL,Hamilton,1910,3774,164
FL,Hardee,2210,5555,302
FL,Hendry,4944,6863,519
FL,Hernando,32339,62537,3021
FL,Highlands,15882,30441,1624
FL,Hillsborough,304642,244485,9044
FL,Holmes,809,8185,261
FL,Indian River,31918,50610,2650
FL,Jackson,6003,15661,571
FL,Jefferson,3411,4192,274
FL,Lafayette,633,3019,80
FL,Lake,65346,103194,4440
FL,Lee,125936,180597,5872
FL,Leon,91619,54334,5137
FL,Levy,4907,15624,768
FL,Liberty,701,2850,146
FL,Madison,3328,5244,187
FL,Manatee,72196,101597,4677
FL,Marion,63206,108332,4230
FL,Martin,31354,54851,2503
FL,Miami-Dade,630357,311753,8131
FL,Monroe,19075,22439,2015
FL,Nassau,12402,36722,1950
FL,Okaloosa,27105,71173,4482
FL,Okeechobee,3567,11105,538
FL,Orange,322663,180951,8603
FL,Osceola,94286,51721,4167
FL,Palm Beach,346482,257746,7967
FL,Pasco,90532,140178,6293
FL,Pinellas,225643,212338,8954
FL,Polk,120156,152509,6825
FL,Putnam,9845,23941,1217
FL,St. Johns,49310,90910,4207
FL,St. Lucie,69029,73501,3544
FL,Santa Rosa,21578,66749,3764
FL,Sarasota,97873,122734,4846
FL,Seminole,107946,107731,6578
FL,Sumter,27486,62961,1664
FL,Suwannee,3743,16081,668
FL,Taylor,1913,7820,306
FL,Union,1054,5094,142
FL,Volusia,108141,139828,6412
FL,Wakulla,4101,12280,787
FL,Walton,7535,28373,1451
FL,Washington,2092,9486,346
GA,Appling,1443,5872,83
GA,Atkinson,827,2030,39
GA,Bacon,727,3636,52
GA,Baker,788,977,20
GA,Baldwin,8471,7948,734
GA,Banks,848,6857,253
GA,Barrow,7952,24365,2046
GA,Bartow,9263,32120,1979
GA,Ben Hill,2112,4017,125
GA,Berrien,1109,6123,159
GA,Bibb,39429,22253,2346
GA,Bleckley,1227,3994,231
GA,Brantley,681,6234,140
GA,Brooks,2367,3990,145
GA,Bryan,4494,11969,1101
GA,Bulloch,10295,16641,1546
GA,Burke,4686,4704,170
GA,Butts,2586,7266,346
GA,Calhoun,1339,998,21
GA,Camden,6361,13352,1070
GA,Candler,1173,2960,102
GA,Carroll,14815,31711,2168
GA,Catoosa,4693,23353,1674
GA,Charlton,1124,3276,73
GA,Chatham,65680,45908,4152
GA,Chattahoochee,770,951,54
GA,Chattooga,1453,7364,249
GA,Cherokee,32709,82224,5426
GA,Clarke,35306,12349,2988
GA,Clay,848,810,15
GA,Clayton,80981,8494,2550
GA,Clinch,873,1963,56
GA,Cobb,160598,149478,9012
GA,Coffee,3822,10073,303
GA,Colquitt,3489,10812,415
GA,Columbia,22587,44233,3453
GA,Cook,1820,4536,185
GA,Coweta,20187,44932,3191
GA,Crawford,1507,3974,169
GA,Crisp,2913,5012,182
GA,Dade,925,5585,317
GA,Dawson,1770,11265,675
GA,Decatur,4139,6405,203
GA,DeKalb,241353,50505,7912
GA,Dodge,1739,5329,217
GA,Dooly,1818,2086,44
GA,Dougherty,24246,9076,860
GA,Douglas,37852,23832,2506
GA,Early,2159,2713,84
GA,Echols,409,1274,23
GA,Effingham,5241,20664,1198
GA,Elbert,2428,5687,207
GA,Emanuel,2376,5679,123
GA,Evans,1279,2632,110
GA,Fannin,2036,11319,415
GA,Fayette,28139,34499,3046
GA,Floyd,9441,24943,1886
GA,Forsyth,33652,72402,4583
GA,Franklin,1263,8008,263
GA,Fulton,282245,116982,8896
GA,Gilmer,2184,11980,525
GA,Glascock,383,1485,18
GA,Glynn,13694,22094,1545
GA,Gordon,3312,17270,931
GA,Grady,3013,6410,220
GA,Greene,3430,5852,251
GA,Gwinnett,173390,143178,8515
GA,Habersham,2777,14502,970
GA,Hall,20814,54140,3224
GA,Hancock,2709,1069,49
GA,Haralson,1486,10903,501
GA,Harris,4336,13241,811
GA,Hart,2577,8229,372
GA,Heard,845,3634,147
GA,Henry,60193,46718,3358
GA,Houston,25640,36289,2660
GA,Irwin,1001,2961,83
GA,Jackson,5219,25820,1441
GA,Jasper,1630,4715,213
GA,Jeff Davis,944,4296,116
GA,Jefferson,3822,3186,110
GA,Jenkins,1127,2037,52
GA,Johnson,1211,2687,36
GA,Jones,4104,9108,470
GA,Lamar,2303,5668,204
GA,Lanier,887,2208,107
GA,Laurens,6963,13345,585
GA,Lee,3434,11654,531
GA,Liberty,10719,6503,755
GA,Lincoln,1356,2910,96
GA,Long,1513,2884,192
GA,Lowndes,16120,22320,1707
GA,Lumpkin,2572,10993,966
GA,McDuffie,3854,5638,245
GA,McIntosh,2222,3692,150
GA,Macon,2627,1671,51
GA,Madison,2646,10166,612
GA,Marion,1306,2158,79
GA,Meriwether,3815,5696,286
GA,Miller,750,2050,39
GA,Mitchell,3355,4509,159
GA,Monroe,3806,9720,435
GA,Montgomery,914,2831,74
GA,Morgan,2929,7192,407
GA,Murray,1658,11893,447
GA,Muscogee,42762,25750,2859
GA,Newton,26996,21282,1692
GA,Oconee,6683,14359,1838
GA,Oglethorpe,2020,5008,317
GA,Paulding,24088,48276,2773
GA,Peach,5119,5727,384
GA,Pickens,2202,13271,684
GA,Pierce,1008,6997,144
GA,Pike,1384,8202,320
GA,Polk,2681,12577,543
GA,Pulaski,1255,2623,90
GA,Putnam,2838,7042,275
GA,Quitman,635,840,10
GA,Rabun,1600,6908,375
GA,Randolph,1708,1433,36
GA,Richmond,51231,21890,2823
GA,Rockdale,28034,11013,1701
GA,Schley,623,1739,47
GA,Screven,2313,3427,156
GA,Seminole,1313,2577,56
GA,Spalding,10306,16714,1112
GA,Stephens,1887,8471,454
GA,Stewart,1357,1031,44
GA,Sumter,5397,5360,263
GA,Talbot,2117,1406,65
GA,Taliaferro,734,605,6
GA,Tattnall,1748,5416,177
GA,Taylor,1341,2266,67
GA,Telfair,1302,2604,24
GA,Terrell,2351,2031,65
GA,Thomas,7559,11680,722
GA,Tift,4503,10350,484
GA,Toombs,2357,6944,276
GA,Towns,1351,5787,263
GA,Treutlen,975,2056,36
GA,Troup,10466,16601,1008
GA,Turner,1336,2307,81
GA,Twiggs,2001,2228,68
GA,Union,2072,11026,350
GA,Upson,3473,7677,251
GA,Walker,3879,21503,1172
GA,Walton,9559,33746,1885
GA,Ware,3443,9273,351
GA,Warren,1413,1177,43
GA,Washington,4208,4346,147
GA,Wayne,1958,8950,328
GA,Webster,652,875,20
GA,Wheeler,797,1643,40
GA,White,1894,11030,610
GA,Whitfield,9174,22113,1811
GA,Wilcox,962,2335,39
GA,Wilkes,1945,2693,82
GA,Wilkinson,1907,2511,82
GA,Worth,1987,6605,169
HI,Hawaii,44794,14939,5096
HI,Honolulu,182595,86839,8691
HI,Kauai,18208,7266,2888
HI,Maui,36890,10815,4432
ID,Ada,78045,92369,9225
ID,Adams,619,1785,339
ID,Bannock,9807,12899,4808
ID,Bear Lake,500,2134,885
ID,Benewah,862,3408,489
ID,Bingham,2847,8608,3435
ID,Blaine,7270,2877,1557
ID,Boise,918,2961,614
ID,Bonner,6189,14945,2190
ID,Bonneville,10101,23156,5659
ID,Boundary,1050,4211,693
ID,Butte,384,1066,254
ID,Camas,367,647,98
ID,Canyon,18458,48064,6189
ID,Caribou,492,2203,913
ID,Cassia,1239,5030,2052
ID,Clark,314,452,39
ID,Clearwater,796,3040,367
ID,Custer,631,1906,318
ID,Elmore,1748,6207,1464
ID,Franklin,689,3018,2168
ID,Fremont,868,3597,1806
ID,Gem,1182,6559,1235
ID,Gooding,1013,3798,892
ID,Idaho,1221,6796,841
ID,Jefferson,1143,7589,3088
ID,Jerome,1411,4557,1369
ID,Kootenai,17571,46199,4811
ID,Latah,8552,6945,3132
ID,Lemhi,871,3042,579
ID,Lewis,478,1376,175
ID,Lincoln,572,1352,351
ID,Madison,1740,5578,5016
ID,Minidoka,1312,4355,1459
ID,Nez Perce,4311,11023,2319
ID,Oneida,451,1509,642
ID,Owyhee,755,3334,460
ID,Payette,1423,6775,1187
ID,Power,820,1626,723
ID,Shoshone,1182,3720,719
ID,Teton,2599,2122,1176
ID,Twin Falls,6554,18679,3891
ID,Valley,2098,3108,896
ID,Washington,879,3422,688
IL,Adams,7584,21933,2124
IL,Alexander,1154,1640,121
IL,Bond,1971,5347,920
IL,Boone,10182,12636,2545
IL,Brown,598,2036,140
IL,Bureau,5343,9252,1959
IL,Calhoun,829,1950,156
IL,Carroll,2078,4740,958
IL,Cass,1668,3420,471
IL,Champaign,54457,30533,6253
IL,Christian,3763,11083,1449
IL,Clark,2001,5655,746
IL,Clay,1089,5385,492
IL,Clinton,3800,13170,1660
IL,Coles,7695,12756,2157
IL,Cook,769985,461775,9617
IL,Crawford,1986,6359,778
IL,Cumberland,1008,4518,515
IL,DeKalb,23893,16854,3949
IL,De Witt,1892,5230,968
IL,Douglas,2038,5714,901
IL,DuPage,210855,162121,9381
IL,Edgar,1850,5641,732
IL,Edwards,590,2965,199
IL,Effingham,3225,13921,1441
IL,Fayette,1687,8153,641
IL,Ford,1573,4547,877
IL,Franklin,3702,14586,1266
IL,Fulton,5445,9152,1752
IL,Gallatin,750,2175,153
IL,Greene,1087,4408,344
IL,Grundy,8768,14580,2412
IL,Hamilton,832,3520,227
IL,Hancock,1604,6979,902
IL,Hardin,519,1796,90
IL,Henderson,955,2498,344
IL,Henry,7497,14559,2553
IL,Iroquois,2533,9626,1336
IL,Jackson,11404,10822,2552
IL,Jasper,992,4078,390
IL,Jefferson,4080,12587,1353
IL,Jersey,2601,8780,863
IL,Jo Daviess,4333,6164,1228
IL,Johnson,1155,5068,465
IL,Kane,106593,80679,7768
IL,Kankakee,20149,23960,3493
IL,Kendall,33346,24988,3861
IL,Knox,8438,10925,2022
IL,Lake,165585,107994,8673
IL,LaSalle,19709,25124,3632
IL,Lawrence,1330,4691,453
IL,Lee,5414,8663,2064
IL,Livingston,3929,9951,1707
IL,Logan,3516,7720,1527
IL,McDonough,5004,6692,1520
IL,McHenry,64987,69953,6797
IL,McLean,40826,34982,5330
IL,Macon,17173,25066,3228
IL,Macoupin,6081,15831,1844
IL,Madison,51771,70985,7265
IL,Marion,4061,13367,1344
IL,Marshall,1734,3954,718
IL,Mason,1878,4343,690
IL,Massac,1491,5192,448
IL,Menard,1997,4219,841
IL,Mercer,2560,5233,1143
IL,Monroe,5977,13925,1864
IL,Montgomery,3161,9587,1334
IL,Morgan,5065,9078,1585
IL,Moultrie,1432,4701,573
IL,Ogle,8585,13812,2533
IL,Peoria,39705,33026,4416
IL,Perry,1987,7539,874
IL,Piatt,2797,5642,1240
IL,Pike,1280,6118,561
IL,Pope,495,1848,111
IL,Pulaski,1025,1842,133
IL,Putnam,1199,1966,305
IL,Randolph,2776,10951,1097
IL,Richland,1593,6078,566
IL,Rock Island,31984,25068,4270
IL,St. Clair,61982,54092,5502
IL,Saline,2413,8855,905
IL,Sangamon,45243,48675,5901
IL,Schuyler,1027,2702,363
IL,Scott,635,2208,150
IL,Shelby,2121,9020,803
IL,Stark,852,1962,354
IL,Stephenson,7668,10260,2143
IL,Tazewell,21080,38156,4521
IL,Union,2290,6263,553
IL,Vermilion,9840,18322,1911
IL,Wabash,1346,4147,445
IL,Warren,2648,4483,967
IL,Washington,1308,5870,664
IL,Wayne,1197,7320,337
IL,White,1384,5779,449
IL,Whiteside,9675,13272,2610
IL,Will,152303,129227,8713
IL,Williamson,8435,22789,2289
IL,Winnebago,56989,54848,5915
IL,Woodford,5491,12872,2407
IN,Adams,2920,9520,985
IN,Allen,59793,82534,6205
IN,Bartholomew,12203,20302,2599
IN,Benton,1031,2650,341
IN,Blackford,1325,3577,381
IN,Boone,13567,18968,3046
IN,Brown,2717,5305,601
IN,Carroll,2034,6776,772
IN,Cass,4079,10132,1102
IN,Clark,19669,31607,2910
IN,Clay,2465,9014,664
IN,Clinton,3470,9565,937
IN,Crawford,1242,3347,373
IN,Daviess,1913,8805,650
IN,Dearborn,4295,19951,1442
IN,Decatur,2251,8969,778
IN,DeKalb,4273,12642,1393
IN,Delaware,20821,21773,3051
IN,Dubois,6502,13081,1871
IN,Elkhart,26997,40693,3276
IN,Fayette,2018,7733,642
IN,Floyd,14843,21657,2765
IN,Fountain,1495,5914,516
IN,Franklin,1802,9535,540
IN,Fulton,2145,6191,632
IN,Gibson,3746,11775,1028
IN,Grant,7079,15529,1809
IN,Greene,2812,11098,848
IN,Hamilton,69869,86694,6745
IN,Hancock,11499,25947,2856
IN,Harrison,4313,14362,1192
IN,Hendricks,29942,49429,4484
IN,Henry,5400,14899,1542
IN,Howard,11966,22801,2399
IN,Huntington,3765,11450,1365
IN,Jackson,3830,13843,1232
IN,Jasper,3122,10233,1021
IN,Jay,1761,6041,627
IN,Jefferson,4058,9316,1023
IN,Jennings,2425,9493,821
IN,Johnson,22827,46306,3915
IN,Knox,4120,11366,1002
IN,Kosciusko,7780,22568,2380
IN,LaGrange,2153,7264,747
IN,Lake,118052,74893,6468
IN,LaPorte,21618,22638,2887
IN,Lawrence,4280,14998,1304
IN,Madison,20798,31145,3201
IN,Marion,213402,124936,9126
IN,Marshall,5232,12003,1481
IN,Martin,926,3909,315
IN,Miami,2778,10762,1041
IN,Monroe,40971,17606,3722
IN,Montgomery,3937,10963,1087
IN,Morgan,6934,24588,2116
IN,Newton,1343,4454,481
IN,Noble,4323,12535,1187
IN,Ohio,774,2383,156
IN,Orange,1901,6214,471
IN,Owen,1969,6603,710
IN,Parke,1486,5060,398
IN,Perry,2896,4986,739
IN,Pike,1190,4697,394
IN,Porter,36059,39329,4310
IN,Posey,3770,8622,822
IN,Pulaski,1420,4086,418
IN,Putnam,3781,11328,1075
IN,Randolph,2304,7865,769
IN,Ripley,2485,11371,804
IN,Rush,1717,5365,630
IN,St. Joseph,55424,50981,4997
IN,Scott,2194,6941,608
IN,Shelby,4769,13310,1539
IN,Spencer,2804,6912,903
IN,Starke,2270,7269,556
IN,Steuben,4041,10836,1025
IN,Sullivan,2076,6667,447
IN,Switzerland,935,2951,320
IN,Tippecanoe,37285,30393,4244
IN,Tipton,1648,5733,513
IN,Union,834,2714,190
IN,Vanderburgh,32583,39450,3697
IN,Vermillion,2032,4986,520
IN,Vigo,18298,20931,2368
IN,Wabash,3261,10032,998
IN,Warren,927,3136,280
IN,Warrick,11702,20791,2041
IN,Washington,2353,9250,796
IN,Wayne,8921,15815,1571
IN,Wells,2710,10156,943
IN,White,2731,7078,820
IN,Whitley,3703,11788,1390
IA,Adair,1030,2654,332
IA,Adams,612,1627,217
IA,Allamakee,2138,4427,685
IA,Appanoose,1368,4495,456
IA,Audubon,1049,2329,325
IA,Benton,3621,9007,1566
IA,Black Hawk,31267,25260,4286
IA,Boone,4507,7910,1843
IA,Bremer,4941,7360,1684
IA,Buchanan,3116,5958,1349
IA,Buena Vista,2704,4929,888
IA,Butler,1774,5193,754
IA,Calhoun,1186,3703,490
IA,Carroll,2742,6972,1058
IA,Cass,1793,4883,695
IA,Cedar,3106,5602,1128
IA,Cerro Gordo,8395,11814,2143
IA,Cherokee,1363,4409,655
IA,Chickasaw,1830,4140,751
IA,Clarke,1253,3077,440
IA,Clay,1956,6243,747
IA,Clayton,2673,5789,930
IA,Clinton,7377,11979,2355
IA,Crawford,1784,5054,560
IA,Dallas,16890,17880,3670
IA,Davis,918,3067,261
IA,Decatur,1139,2565,368
IA,Delaware,2285,6073,1048
IA,Des Moines,6016,10286,1977
IA,Dickinson,2808,7171,924
IA,Dubuque,20529,22694,3566
IA,Emmet,1250,3431,442
IA,Fayette,2884,6035,1168
IA,Floyd,2613,4702,917
IA,Franklin,1357,3235,510
IA,Fremont,924,2646,366
IA,Greene,1480,3067,524
IA,Grundy,1711,4596,876
IA,Guthrie,1470,3868,649
IA,Hamilton,2340,4658,853
IA,Hancock,1383,4273,523
IA,Hardin,2356,5443,841
IA,Harrison,1953,5205,715
IA,Henry,2213,6137,1189
IA,Howard,1378,3034,436
IA,Humboldt,1101,3798,431
IA,Ida,772,2840,258
IA,Iowa,2713,5479,1071
IA,Jackson,2929,6623,1091
IA,Jasper,5076,11496,2002
IA,Jefferson,3402,3890,1033
IA,Johnson,52308,17197,4880
IA,Jones,2992,6203,1033
IA,Keokuk,1115,3638,394
IA,Kossuth,2219,5837,678
IA,Lee,3085,9281,1566
IA,Linn,58804,47435,6740
IA,Louisa,1457,3410,476
IA,Lucas,1067,3237,398
IA,Lyon,972,5222,408
IA,Madison,2385,5851,991
IA,Mahaska,2103,7905,942
IA,Marion,4618,11363,2087
IA,Marshall,6225,9094,1781
IA,Mills,1996,5510,921
IA,Mitchell,1685,3488,572
IA,Monona,1010,3433,320
IA,Monroe,918,3016,258
IA,Montgomery,1317,3553,468
IA,Muscatine,7007,10129,2197
IA,O'Brien,1208,5918,556
IA,Osceola,642,2699,193
IA,Page,1729,5014,565
IA,Palo Alto,1222,3250,355
IA,Plymouth,2472,10336,989
IA,Pocahontas,914,2853,274
IA,Polk,121010,91775,8845
IA,Pottawattamie,14508,23068,3199
IA,Poweshiek,3955,5120,962
IA,Ringgold,757,2156,196
IA,Sac,1055,3946,400
IA,Scott,40403,37997,5178
IA,Shelby,1567,4414,581
IA,Sioux,2419,14259,1910
IA,Story,26229,17519,4726
IA,Tama,2572,5316,1021
IA,Taylor,759,2363,256
IA,Union,1546,3875,665
IA,Van Buren,796,2797,261
IA,Wapello,3699,9786,1278
IA,Warren,9687,15787,2808
IA,Washington,3543,6330,1236
IA,Wayne,691,2382,225
IA,Webster,4595,10943,1716
IA,Winnebago,1746,3677,693
IA,Winneshiek,5338,5468,1265
IA,Woodbury,12574,25298,3199
IA,Worth,1368,2847,457
IA,Wright,1633,3984,564
KS,Allen,1466,3856,597
KS,Anderson,758,2595,374
KS,Atchison,1939,4149,843
KS,Barber,459,2031,150
KS,Barton,1866,7618,847
KS,Bourbon,1263,4657,503
KS,Brown,989,3028,425
KS,Butler,7273,18901,2439
KS,Chase,540,1190,109
KS,Chautauqua,427,1359,49
KS,Cherokee,1725,6711,676
KS,Cheyenne,425,1311,64
KS,Clark,367,1018,69
KS,Clay,868,3017,411
KS,Cloud,893,2987,358
KS,Coffey,878,3180,453
KS,Comanche,356,899,67
KS,Cowley,3384,8177,1122
KS,Crawford,4670,8964,1419
KS,Decatur,404,1341,66
KS,Dickinson,1610,6201,896
KS,Doniphan,691,2766,272
KS,Douglas,34353,11347,3928
KS,Edwards,426,1187,94
KS,Elk,375,1213,57
KS,Ellis,2803,8690,1015
KS,Ellsworth,685,2070,282
KS,Finney,3820,6447,1008
KS,Ford,2242,4630,729
KS,Franklin,2810,7301,1324
KS,Geary,2749,4251,845
KS,Gove,409,1287,60
KS,Graham,421,1189,99
KS,Grant,691,1914,217
KS,Gray,499,1849,156
KS,Greeley,346,759,40
KS,Greenwood,677,2415,298
KS,Hamilton,375,921,66
KS,Harper,576,2222,277
KS,Harvey,5453,8661,1678
KS,Haskell,523,1161,94
KS,Hodgeman,368,1029,54
KS,Jackson,1567,4292,585
KS,Jefferson,2531,5518,946
KS,Jewell,413,1335,128
KS,Johnson,130280,135723,9098
KS,Kearny,404,1244,93
KS,Kingman,784,2675,304
KS,Kiowa,355,988,95
KS,Labette,2139,5673,756
KS,Lane,350,920,64
KS,Leavenworth,11025,18010,2880
KS,Lincoln,437,1328,92
KS,Linn,729,3717,294
KS,Logan,391,1300,106
KS,Lyon,4817,6268,1555
KS,McPherson,3463,8430,1442
KS,Marion,1376,4081,659
KS,Marshall,1095,3414,470
KS,Meade,453,1533,143
KS,Miami,4114,10241,1576
KS,Mitchell,669,2382,238
KS,Montgomery,2415,8810,992
KS,Morris,776,1964,312
KS,Morton,389,1126,69
KS,Nemaha,856,4228,435
KS,Neosho,1474,4556,595
KS,Ness,390,1366,90
KS,Norton,490,1907,156
KS,Osage,1668,5191,697
KS,Osborne,445,1584,133
KS,Ottawa,628,2386,292
KS,Pawnee,767,2027,274
KS,Phillips,515,2356,187
KS,Pottawatomie,2401,8467,1105
KS,Pratt,921,2899,385
KS,Rawlins,416,1357,126
KS,Reno,6880,14206,2202
KS,Republic,586,2020,169
KS,Rice,832,2928,429
KS,Riley,11147,9035,2588
KS,Rooks,484,2139,146
KS,Rush,436,1384,97
KS,Russell,631,2641,234
KS,Saline,6443,13202,2326
KS,Scott,472,2046,136
KS,Sedgwick,71091,102350,8656
KS,Seward,1901,2904,406
KS,Shawnee,35143,35452,4781
KS,Sheridan,383,1375,63
KS,Sherman,506,2231,261
KS,Smith,509,1809,112
KS,Stafford,522,1667,135
KS,Stanton,377,644,41
KS,Stevens,460,1653,96
KS,Sumner,2027,7485,999
KS,Thomas,656,3023,277
KS,Trego,422,1375,73
KS,Wabaunsee,929,2519,353
KS,Wallace,312,918,41
KS,Washington,577,2185,296
KS,Wichita,396,945,68
KS,Wilson,758,2768,329
KS,Woodson,482,1255,122
KS,Wyandotte,31317,15070,2979
KY,Adair,1308,7115,450
KY,Allen,1334,7355,461
KY,Anderson,2480,9474,910
KY,Ballard,804,3522,196
KY,Barren,3785,15531,1180
KY,Bath,1289,3557,217
KY,Bell,1351,8169,349
KY,Boone,16728,39926,3678
KY,Bourbon,2823,6135,729
KY,Boyd,4748,15592,1231
KY,Boyle,4330,8326,1039
KY,Bracken,728,3080,171
KY,Breathitt,1500,4365,317
KY,Breckinridge,1745,7396,550
KY,Bullitt,7747,28412,2264
KY,Butler,1022,4775,326
KY,Caldwell,1177,4849,329
KY,Calloway,4791,10859,1446
KY,Campbell,15030,23713,3121
KY,Carlisle,497,2313,106
KY,Carroll,1053,2946,262
KY,Carter,1626,9073,606
KY,Casey,845,5726,264
KY,Christian,7488,14320,1282
KY,Clark,4601,11321,1254
KY,Clay,765,5657,215
KY,Clinton,648,3980,129
KY,Crittenden,670,3543,198
KY,Cumberland,610,2661,150
KY,Daviess,15289,28720,3114
KY,Edmonson,969,4725,184
KY,Elliott,673,2514,151
KY,Estill,1120,4574,312
KY,Fayette,71291,55832,7187
KY,Fleming,1254,5180,302
KY,Floyd,2897,13800,757
KY,Franklin,10297,12073,1823
KY,Fulton,863,1761,84
KY,Gallatin,753,2877,224
KY,Garrard,1574,6404,422
KY,Grant,1698,8189,637
KY,Graves,2841,14075,973
KY,Grayson,1804,9323,676
KY,Green,863,4844,203
KY,Greenup,2921,13614,917
KY,Hancock,1248,3058,430
KY,Hardin,15295,27493,2746
KY,Harlan,1004,9455,361
KY,Harrison,2013,5912,510
KY,Hart,1562,6057,361
KY,Henderson,7168,12928,1362
KY,Henry,1717,5593,644
KY,Hickman,567,1900,70
KY,Hopkins,4031,15736,1201
KY,Jackson,658,5272,173
KY,Jefferson,182116,137095,8927
KY,Jessamine,6607,16465,2507
KY,Johnson,1078,8551,363
KY,Kenton,25110,42579,4403
KY,Knott,992,4503,209
KY,Knox,1443,10910,580
KY,Larue,1264,5411,472
KY,Laurel,3194,21969,1162
KY,Lawrence,920,5205,288
KY,Lee,600,2340,88
KY,Leslie,558,3700,79
KY,Letcher,1363,7615,435
KY,Lewis,719,4835,192
KY,Lincoln,1654,8084,560
KY,Livingston,821,3919,296
KY,Logan,2541,8485,607
KY,Lyon,1056,3064,189
KY,McCracken,8812,20856,1906
KY,McCreary,660,5249,126
KY,McLean,1045,3722,318
KY,Madison,12621,24178,2689
KY,Magoffin,1136,3908,178
KY,Marion,2469,5923,553
KY,Marshall,2908,13807,1119
KY,Martin,406,3660,103
KY,Mason,1879,5343,523
KY,Meade,2731,9958,903
KY,Menifee,769,2338,78
KY,Mercer,2223,8432,749
KY,Metcalfe,928,4012,239
KY,Monroe,664,4298,165
KY,Montgomery,2965,8915,726
KY,Morgan,940,3875,205
KY,Muhlenberg,2679,10250,613
KY,Nelson,6209,15351,1485
KY,Nicholas,930,2248,139
KY,Ohio,2000,8632,581
KY,Oldham,12083,19830,2773
KY,Owen,1071,4195,298
KY,Owsley,495,1661,39
KY,Pendleton,1045,5168,363
KY,Perry,1989,8293,433
KY,Pike,2538,20096,929
KY,Powell,1280,4016,245
KY,Pulaski,3887,23424,1417
KY,Robertson,440,1016,46
KY,Rockcastle,1064,5965,253
KY,Rowan,3268,5827,576
KY,Russell,1080,7090,339
KY,Scott,8488,17170,2186
KY,Shelby,6729,14394,1799
KY,Simpson,2034,5616,530
KY,Spencer,1852,8327,672
KY,Taylor,2308,9051,745
KY,Todd,1079,3912,176
KY,Trigg,1534,5227,357
KY,Trimble,877,3169,238
KY,Union,1381,4959,283
KY,Warren,18797,29114,3267
KY,Washington,1510,4291,337
KY,Wayne,1334,6987,326
KY,Webster,1242,4775,255
KY,Whitley,1866,12301,657
KY,Wolfe,852,2049,114
KY,Woodford,5256,8153,1531
LA,Acadia,4538,22956,841
LA,Allen,1796,7560,353
LA,Ascension,16276,38929,2327
LA,Assumption,3308,7505,360
LA,Avoyelles,4325,12386,508
LA,Beauregard,2171,13603,627
LA,Bienville,3085,3951,119
LA,Bossier,12506,35791,2164
LA,Caddo,53458,48532,3421
LA,Calcasieu,24099,55478,3353
LA,Caldwell,847,4096,105
LA,Cameron,415,3287,146
LA,Catahoula,1461,4095,75
LA,Claiborne,2700,3653,151
LA,Concordia,3128,5683,135
LA,De Soto,5022,8791,380
LA,East Baton Rouge,103940,82931,7351
LA,East Carroll,1694,992,50
LA,East Feliciana,4114,5879,313
LA,Evangeline,3775,11308,374
LA,Franklin,2432,6777,149
LA,Grant,1148,8033,325
LA,Iberia,9837,20408,1055
LA,Iberville,7800,7738,514
LA,Jackson,2174,5319,206
LA,Jefferson,72521,97950,7134
LA,Jefferson Davis,2804,11785,586
LA,Lafayette,32763,68696,4432
LA,Lafourche,5450,34511,1366
LA,La Salle,708,6142,171
LA,Lincoln,7118,10745,1164
LA,Livingston,5291,52252,2280
LA,Madison,2795,2003,79
LA,Morehouse,4926,6582,232
LA,Natchitoches,6846,8879,610
LA,Orleans,126577,17802,6709
LA,Ouachita,23517,42004,2006
LA,Plaquemines,3059,6973,487
LA,Pointe Coupee,4403,7494,297
LA,Rapides,17382,36989,1841
LA,Red River,1879,2444,105
LA,Richland,3164,6711,202
LA,Sabine,1504,8157,308
LA,St. Bernard,2594,6738,764
LA,St. Charles,8196,17826,1341
LA,St. Helena,3273,2642,134
LA,St. James,6300,5982,265
LA,St. John the Baptist,13183,7839,621
LA,St. Landry,16502,23384,1027
LA,St. Martin,7172,18555,692
LA,St. Mary,7092,14571,597
LA,St. Tammany,27464,91039,5651
LA,Tangipahoa,16259,36356,1733
LA,Tensas,1424,1325,40
LA,Terrebonne,8515,32659,1503
LA,Union,2597,8407,292
LA,Vermilion,3531,21823,876
LA,Vernon,2428,14813,697
LA,Washington,5088,13788,399
LA,Webster,5889,11831,285
LA,West Baton Rouge,5194,7258,652
LA,West Carroll,801,4365,79
LA,West Feliciana,2302,3573,213
LA,Winn,1664,4805,158
ME,Androscoggin,20831,29475,4066
ME,Aroostook,11026,21215,2496
ME,Cumberland,105505,57610,8074
ME,Franklin,6071,8803,1907
ME,Hancock,15977,14049,2522
ME,Kennebec,29033,32629,4670
ME,Knox,13177,9845,1748
ME,Lincoln,10332,10275,1912
ME,Oxford,10396,18400,2886
ME,Penobscot,32944,42844,5133
ME,Piscataquis,2686,5884,925
ME,Sagadahoc,10868,9893,1998
ME,Somerset,7246,16669,2205
ME,Waldo,10387,11151,2249
ME,Washington,5278,10272,1570
ME,York,56959,50987,6377
MD,Allegany,6949,21354,1859
MD,Anne Arundel,129580,119384,9361
MD,Baltimore,214242,142817,9578
MD,Calvert,18653,26251,3318
MD,Caroline,3874,10566,1097
MD,Carroll,27545,58198,6531
MD,Cecil,13463,30470,3008
MD,Charles,53898,23712,3562
MD,Dorchester,6152,8982,880
MD,Frederick,60080,58832,7406
MD,Garrett,2574,11322,1021
MD,Harford,48752,77297,7481
MD,Howard,104371,46253,8264
MD,Kent,4707,4958,914
MD,Montgomery,334657,92327,9552
MD,Prince George's,348127,29860,8309
MD,Queen Anne's,8291,17663,2100
MD,St. Mary's,18510,28748,3849
MD,Somerset,3815,5633,594
MD,Talbot,9385,10103,1729
MD,Washington,21699,41031,3935
MD,Wicomico,18943,21522,2692
MD,Worcester,9853,17780,1799
MD,Baltimore City,205465,20751,8349
MA,Barnstable,71949,53002,5564
MA,Berkshire,43719,17310,3999
MA,Bristol,126988,105690,8819
MA,Dukes,9018,2344,996
MA,Essex,208625,135854,9108
MA,Franklin,23746,10461,3320
MA,Hampden,112259,78196,7792
MA,Hampshire,55974,20609,5710
MA,Middlesex,502271,231813,9620
MA,Nantucket,4545,1807,619
MA,Norfolk,203111,121725,9041
MA,Plymouth,133005,115344,8186
MA,Suffolk,236926,49811,8824
MA,Worcester,187825,155502,9507
MI,Alcona,1565,4540,458
MI,Alger,1584,2764,451
MI,Allegan,19306,32931,3541
MI,Alpena,4318,10148,1216
MI,Antrim,4633,8490,1069
MI,Arenac,1926,5412,623
MI,Baraga,1161,2383,281
MI,Barry,9133,19034,2642
MI,Bay,20466,27998,3182
MI,Benzie,4300,5639,980
MI,Berrien,31875,37035,3607
MI,Branch,4879,12376,1305
MI,Calhoun,24738,30431,3229
MI,Cass,7630,14018,1677
MI,Charlevoix,5273,8713,1244
MI,Cheboygan,3933,9296,1106
MI,Chippewa,5018,9411,1550
MI,Clare,3544,9456,1030
MI,Clinton,17987,20005,3066
MI,Crawford,1919,4611,675
MI,Delta,5959,11740,1510
MI,Dickinson,3722,8875,1068
MI,Eaton,25888,25497,3584
MI,Emmet,7808,10253,1877
MI,Genesee,103947,82634,6420
MI,Gladwin,3013,8985,938
MI,Gogebic,2622,4227,685
MI,Grand Traverse,23570,25290,3344
MI,Gratiot,5563,10440,1494
MI,Hillsdale,4490,14810,1505
MI,Houghton,6026,8399,1666
MI,Huron,4192,11465,1073
MI,Ingham,79872,42831,5777
MI,Ionia,7970,16515,2381
MI,Iosco,3805,9054,1091
MI,Iron,1808,3882,387
MI,Isabella,13507,13244,2285
MI,Jackson,26753,39143,3752
MI,Kalamazoo,68592,50248,5613
MI,Kalkaska,2102,6689,737
MI,Kent,138115,141175,8339
MI,Keweenaw,727,1025,133
MI,Lake,1739,3503,392
MI,Lapeer,11473,30689,2772
MI,Leelanau,7604,6757,1276
MI,Lenawee,16255,25768,2963
MI,Livingston,36885,65628,4600
MI,Luce,794,1913,231
MI,Mackinac,2016,3874,460
MI,Macomb,180079,199340,8311
MI,Manistee,4662,7428,1112
MI,Marquette,15922,14089,2743
MI,Mason,5147,8740,1485
MI,Mecosta,5761,10958,1686
MI,Menominee,3018,7014,884
MI,Midland,16177,21524,3260
MI,Missaukee,1565,5672,648
MI,Monroe,25831,44618,3860
MI,Montcalm,6941,17993,2433
MI,Montmorency,1171,3750,368
MI,Muskegon,40051,34844,4062
MI,Newaygo,5960,15950,1884
MI,Oakland,334223,269073,9222
MI,Oceana,3989,7586,1182
MI,Ogemaw,2331,7614,901
MI,Ontonagon,1212,2162,302
MI,Osceola,2381,7932,939
MI,Oscoda,981,3145,305
MI,Otsego,3466,8862,1182
MI,Ottawa,50612,86552,5927
MI,Presque Isle,2248,4812,564
MI,Roscommon,3538,8939,989
MI,Saginaw,45334,45052,3966
MI,St. Clair,24874,50211,3939
MI,St. Joseph,7717,14686,2004
MI,Sanilac,4420,14146,1442
MI,Schoolcraft,1335,2804,397
MI,Shiawassee,11418,19111,2799
MI,Tuscola,5918,17805,1745
MI,Van Buren,13023,17312,2629
MI,Washtenaw,127762,49322,6494
MI,Wayne,562412,201385,9223
MI,Wexford,4201,10682,1371
MN,Aitkin,2583,6115,911
MN,Anoka,74655,91981,8831
MN,Becker,4831,11628,1600
MN,Beltrami,7400,11445,2605
MN,Benton,4383,14402,1985
MN,Big Stone,939,1828,372
MN,Blue Earth,13432,15339,3557
MN,Brown,3031,8837,1864
MN,Carlton,6627,9241,2171
MN,Carver,23654,26798,4486
MN,Cass,4138,10619,1572
MN,Chippewa,1545,4203,798
MN,Chisago,7496,19484,2911
MN,Clay,13711,12408,3187
MN,Clearwater,986,3255,347
MN,Cook,2058,1254,521
MN,Cottonwood,1497,3824,597
MN,Crow Wing,9715,22861,2862
MN,Dakota,110365,98074,9083
MN,Dodge,2539,7173,1554
MN,Douglas,5351,15010,2118
MN,Faribault,1676,4885,963
MN,Fillmore,2985,6958,1395
MN,Freeborn,4291,9844,1649
MN,Goodhue,7834,14439,2646
MN,Grant,1048,2272,506
MN,Hennepin,420480,200141,9615
MN,Houston,3889,5774,1320
MN,Hubbard,2895,7785,1296
MN,Isanti,4476,15021,2287
MN,Itasca,6768,14452,2367
MN,Jackson,1303,3915,628
MN,Kanabec,1850,5826,985
MN,Kandiyohi,6125,13691,2259
MN,Kittson,882,1564,323
MN,Koochiching,1860,3899,794
MN,Lac Qui Parle,1124,2532,449
MN,Lake,2664,3154,843
MN,Lake of the Woods,657,1763,211
MN,Le Sueur,3684,10210,1703
MN,Lincoln,796,2156,368
MN,Lyon,3361,7389,1691
MN,McLeod,4269,12707,2166
MN,Mahnomen,993,1176,273
MN,Marshall,1062,3376,643
MN,Martin,2148,7202,1143
MN,Meeker,2413,8900,1473
MN,Mille Lacs,2775,9312,1451
MN,Morrison,2302,14916,1432
MN,Mower,4899,10000,1913
MN,Murray,1095,3187,701
MN,Nicollet,7336,8324,2353
MN,Nobles,2435,5519,982
MN,Norman,1285,1855,492
MN,Olmsted,36872,34628,6227
MN,Otter Tail,8847,20457,2589
MN,Pennington,1939,4304,894
MN,Pine,3407,9105,1441
MN,Pipestone,1077,3562,587
MN,Polk,4206,9258,1621
MN,Pope,1836,4142,700
MN,Ramsey,171982,69432,9426
MN,Red Lake,633,1355,320
MN,Redwood,1526,5321,923
MN,Renville,1693,5216,1000
MN,Rice,13061,15731,2862
MN,Rock,1289,3235,642
MN,Roseau,1721,5859,792
MN,Saint Louis,57175,45518,7513
MN,Scott,29484,39525,5344
MN,Sherburne,11594,31754,3862
MN,Sibley,1588,5468,960
MN,Stearns,24243,48412,5318
MN,Steele,5260,12039,2225
MN,Stevens,1919,2826,798
MN,Swift,1266,3334,567
MN,Todd,1945,9616,1038
MN,Traverse,716,1293,177
MN,Wabasha,3151,7579,1484
MN,Wadena,1497,5270,667
MN,Waseca,2188,6490,1304
MN,Washington,67362,63404,7619
MN,Watonwan,1633,2887,690
MN,Wilkin,1014,2246,461
MN,Winona,10375,11582,2841
MN,Wright,18992,44121,5059
MN,Yellow Medicine,1264,3659,610
MS,Adams,7468,5779,323
MS,Alcorn,2099,13360,285
MS,Amite,2616,4301,69
MS,Attala,3158,4980,165
MS,Benton,1713,2568,60
MS,Bolivar,8823,4679,194
MS,Calhoun,1765,4559,106
MS,Carroll,1693,3841,58
MS,Chickasaw,3503,4387,73
MS,Choctaw,1323,2849,72
MS,Claiborne,3235,702,22
MS,Clarke,2586,5352,40
MS,Clay,5772,4208,166
MS,Coahoma,5853,2243,115
MS,Copiah,7187,6288,166
MS,Covington,3214,5707,120
MS,DeSoto,22638,45542,2621
MS,Forrest,11151,13749,1253
MS,Franklin,1578,2834,86
MS,George,1037,9464,194
MS,Greene,994,4415,55
MS,Grenada,4214,6216,153
MS,Hancock,2761,14697,612
MS,Harrison,19293,40364,2254
MS,Hinds,69811,23394,2178
MS,Holmes,6648,1396,99
MS,Humphreys,2843,1241,32
MS,Issaquena,614,536,6
MS,Itawamba,915,9686,72
MS,Jackson,14294,33296,1638
MS,Jasper,4287,4103,75
MS,Jefferson,3350,721,49
MS,Jefferson Davis,3915,2635,0
MS,Jones,7479,19619,552
MS,Kemper,2893,1884,37
MS,Lafayette,8650,11207,1165
MS,Lamar,5403,19111,949
MS,Lauderdale,11071,16886,674
MS,Lawrence,2236,4202,93
MS,Leake,3646,4921,106
MS,Lee,9237,22876,860
MS,Leflore,7640,3090,207
MS,Lincoln,4297,10811,245
MS,Lowndes,13331,13832,626
MS,Madison,23339,28544,1801
MS,Marion,3528,7992,232
MS,Marshall,7563,7043,314
MS,Monroe,5058,11085,217
MS,Montgomery,1988,2886,84
MS,Neshoba,2758,7992,203
MS,Newton,2763,6855,179
MS,Noxubee,4327,1295,32
MS,Oktibbeha,10862,10206,1100
MS,Panola,7213,7758,255
MS,Pearl River,3242,19449,647
MS,Perry,1297,4283,91
MS,Pike,7693,8125,335
MS,Pontotoc,2392,11699,332
MS,Prentiss,1775,8686,159
MS,Quitman,2322,1145,64
MS,Rankin,15190,48488,1733
MS,Scott,4262,6392,162
MS,Sharkey,1567,849,0
MS,Simpson,3917,7822,216
MS,Smith,1679,6206,84
MS,Stone,1610,5584,199
MS,Sunflower,6463,2799,45
MS,Tallahatchie,3295,2592,77
MS,Tate,3661,8144,244
MS,Tippah,1698,8023,155
MS,Tishomingo,751,8251,220
MS,Tunica,2628,1075,57
MS,Union,1865,10641,342
MS,Walthall,2774,4262,65
MS,Warren,9282,9197,539
MS,Washington,10686,4978,182
MS,Wayne,3414,6230,86
MS,Webster,1142,4156,83
MS,Wilkinson,2854,1445,52
MS,Winston,3707,4929,163
MS,Yalobusha,2582,3640,160
MS,Yazoo,5038,4443,13
MO,Adair,3680,6221,1115
MO,Andrew,2018,7504,680
MO,Atchison,686,2216,177
MO,Audrain,2337,7518,806
MO,Barry,2565,12678,659
MO,Barton,833,5290,264
MO,Bates,1365,6579,641
MO,Benton,1852,8029,77
MO,Bollinger,712,5252,171
MO,Boone,44879,35286,5793
MO,Buchanan,11273,21908,2711
MO,Butler,2762,14569,882
MO,Caldwell,895,3578,358
MO,Callaway,5090,14048,1740
MO,Camden,4643,18330,1190
MO,Cape Girardeau,9108,27217,2081
MO,Carroll,791,3705,183
MO,Carter,549,2592,112
MO,Cass,15575,34022,3418
MO,Cedar,1030,5416,378
MO,Chariton,898,3285,183
MO,Christian,9511,33038,2702
MO,Clark,598,2892,18
MO,Clay,47785,58152,6044
MO,Clinton,2327,7966,894
MO,Cole,11773,23531,2472
MO,Cooper,1984,6085,722
MO,Crawford,1597,8682,158
MO,Dade,749,3386,190
MO,Dallas,1145,6522,417
MO,Daviess,780,3072,124
MO,DeKalb,894,3833,364
MO,Dent,966,6139,282
MO,Douglas,953,5978,227
MO,Dunklin,1858,9044,277
MO,Franklin,12478,37310,2743
MO,Gasconade,1597,6180,369
MO,Gentry,703,2536,202
MO,Greene,45687,77016,6919
MO,Grundy,821,3720,68
MO,Harrison,636,3161,231
MO,Henry,2130,7577,620
MO,Hickory,935,3998,229
MO,Holt,515,2138,115
MO,Howard,1284,3403,502
MO,Howell,2581,15406,920
MO,Iron,847,3615,231
MO,Jackson,71506,90006,7771
MO,Jasper,11245,35619,3178
MO,Jefferson,34426,72475,5318
MO,Johnson,6021,14162,2016
MO,Knox,483,1667,98
MO,Laclede,2310,14428,917
MO,Lafayette,3631,11712,1273
MO,Lawrence,2743,14275,1113
MO,Lewis,906,3692,256
MO,Lincoln,5679,21420,1702
MO,Linn,1135,4459,393
MO,Livingston,1216,5425,430
MO,McDonald,1316,7222,462
MO,Macon,1368,6473,407
MO,Madison,976,4592,312
MO,Maries,798,3808,221
MO,Marion,2680,10446,846
MO,Mercer,413,1727,51
MO,Miller,1695,10126,518
MO,Mississippi,1434,4023,160
MO,Moniteau,1310,5672,376
MO,Monroe,838,3516,195
MO,Montgomery,1106,4497,260
MO,Morgan,1630,7362,416
MO,New Madrid,1615,6076,190
MO,Newton,4740,21635,1528
MO,Nodaway,2662,6718,896
MO,Oregon,840,4096,167
MO,Osage,1048,6227,372
MO,Ozark,741,3945,182
MO,Pemiscot,1680,4424,161
MO,Perry,1528,7719,500
MO,Pettis,4070,13951,1470
MO,Phelps,4809,13130,1516
MO,Pike,1631,5684,452
MO,Platte,22095,25517,3334
MO,Polk,2587,11452,1077
MO,Pulaski,2965,11008,1120
MO,Putnam,487,2163,72
MO,Ralls,1065,4399,237
MO,Randolph,2246,8099,772
MO,Ray,2767,7932,1070
MO,Reynolds,503,2701,95
MO,Ripley,784,4897,265
MO,St. Charles,70080,121592,7526
MO,St. Clair,932,3794,266
MO,Ste. Genevieve,2358,6329,650
MO,St. Francois,5737,20607,1473
MO,St. Louis County,279673,196331,9401
MO,Saline,2568,6418,812
MO,Schuyler,431,1804,98
MO,Scotland,488,1781,108
MO,Scott,3078,14358,804
MO,Shannon,772,3289,225
MO,Shelby,659,2761,157
MO,Stoddard,1463,12171,497
MO,Stone,2736,14315,790
MO,Sullivan,600,2086,96
MO,Taney,4395,20188,1267
MO,Texas,1314,9731,456
MO,Vernon,1560,6886,564
MO,Warren,3936,12846,1183
MO,Washington,1565,8315,450
MO,Wayne,777,5170,44
MO,Webster,3116,14464,1123
MO,Worth,395,1077,51
MO,Wright,1114,7221,351
MO,St. Louis City,104365,17880,5320
MT,Beaverhead,1327,3413,558
MT,Big Horn,2194,1986,476
MT,Blaine,1263,1417,396
MT,Broadwater,770,2532,315
MT,Carbon,1959,3819,644
MT,Carter,339,874,123
MT,Cascade,12848,18347,2818
MT,Chouteau,870,1712,298
MT,Custer,1209,3776,530
MT,Daniels,409,917,85
MT,Dawson,842,3443,404
MT,Deer Lodge,2010,2005,600
MT,Fallon,391,1485,119
MT,Fergus,1263,4236,560
MT,Flathead,15791,29547,2930
MT,Gallatin,29629,22377,4791
MT,Garfield,309,880,42
MT,Glacier,3551,1787,525
MT,Golden Valley,330,604,52
MT,Granite,713,1369,169
MT,Hill,2124,3497,895
MT,Jefferson,2166,4158,840
MT,Judith Basin,462,1046,153
MT,Lake,5018,7474,1178
MT,Lewis and Clark,16309,15341,3171
MT,Liberty,462,875,78
MT,Lincoln,2121,7104,848
MT,McCone,394,1096,66
MT,Madison,1441,3412,489
MT,Meagher,430,946,72
MT,Mineral,726,1494,243
MT,Missoula,34970,19144,4546
MT,Musselshell,532,2112,202
MT,Park,3875,5038,1592
MT,Petroleum,303,544,17
MT,Phillips,538,1801,238
MT,Pondera,903,1929,284
MT,Powder River,386,1088,242
MT,Powell,679,2180,412
MT,Prairie,349,786,82
MT,Ravalli,6721,14575,1810
MT,Richland,765,4164,449
MT,Roosevelt,1583,2001,790
MT,Rosebud,1093,2415,326
MT,Sanders,1266,4488,694
MT,Sheridan,662,1374,169
MT,Silver Bow,8501,6421,1820
MT,Stillwater,1055,3835,493
MT,Sweet Grass,628,1726,279
MT,Teton,945,2212,320
MT,Toole,579,1611,188
MT,Treasure,318,602,39
MT,Valley,914,2870,767
MT,Wheatland,408,904,90
MT,Wibaux,315,706,30
MT,Yellowstone,24617,39420,5107
NE,Adams,3315,9597,1294
NE,Antelope,576,2784,238
NE,Arthur,294,502,18
NE,Banner,285,599,35
NE,Blaine,310,525,16
NE,Boone,603,2419,303
NE,Box Butte,879,3978,537
NE,Boyd,376,1202,66
NE,Brown,398,1531,80
NE,Buffalo,5109,14398,2358
NE,Burt,991,2531,441
NE,Butler,775,3209,322
NE,Cass,3453,8802,1574
NE,Cedar,656,3578,512
NE,Chase,408,1774,109
NE,Cherry,540,2696,282
NE,Cheyenne,808,3815,543
NE,Clay,637,2534,264
NE,Colfax,1040,2219,289
NE,Cuming,860,3173,379
NE,Custer,693,4928,503
NE,Dakota,2120,3933,573
NE,Dawes,894,2697,367
NE,Dawson,2379,6152,818
NE,Deuel,352,1012,63
NE,Dixon,646,2256,280
NE,Dodge,4626,9586,1568
NE,Douglas,116622,105473,8589
NE,Dundy,331,1021,55
NE,Fillmore,778,2211,310
NE,Franklin,454,1574,97
NE,Frontier,393,1311,70
NE,Furnas,518,2061,173
NE,Gage,2817,6595,1130
NE,Garden,394,1060,69
NE,Garfield,382,1043,47
NE,Gosper,409,1004,69
NE,Grant,296,622,23
NE,Greeley,434,1111,69
NE,Hall,6559,14692,1788
NE,Hamilton,1023,3823,540
NE,Harlan,467,1659,114
NE,Hayes,304,690,13
NE,Hitchcock,388,1378,95
NE,Holt,649,4509,349
NE,Hooker,312,604,31
NE,Howard,648,2542,243
NE,Jefferson,930,2504,410
NE,Johnson,698,1505,267
NE,Kearney,710,2620,340
NE,Keith,677,3302,349
NE,Keya Paha,305,716,24
NE,Kimball,429,1515,155
NE,Knox,820,3327,315
NE,Lancaster,63757,60222,7498
NE,Lincoln,2329,13100,1411
NE,Logan,298,651,29
NE,Loup,322,582,19
NE,McPherson,282,516,19
NE,Madison,2798,10359,1485
NE,Merrick,708,3131,424
NE,Morrill,476,1988,180
NE,Nance,463,1474,108
NE,Nemaha,872,2197,436
NE,Nuckolls,527,1850,187
NE,Otoe,2064,4956,955
NE,Pawnee,482,1168,99
NE,Perkins,403,1383,109
NE,Phelps,707,4025,433
NE,Pierce,559,3174,291
NE,Platte,2843,10672,1213
NE,Polk,628,2141,219
NE,Red Willow,770,4401,421
NE,Richardson,914,2883,335
NE,Rock,333,885,57
NE,Saline,1698,3157,682
NE,Sarpy,33783,44959,5593
NE,Saunders,2499,7952,1213
NE,Scotts Bluff,3003,10135,1559
NE,Seward,1916,5518,978
NE,Sheridan,500,2365,154
NE,Sherman,501,1403,102
NE,Sioux,345,816,52
NE,Stanton,588,2320,295
NE,Thayer,651,2176,201
NE,Thomas,302,572,27
NE,Thurston,934,1240,193
NE,Valley,550,1941,125
NE,Washington,2765,7518,1287
NE,Wayne,972,2783,357
NE,Webster,500,1489,86
NE,Wheeler,326,625,35
NE,York,1346,4505,844
NV,Churchill,2199,8187,1364
NV,Clark,404739,297664,9614
NV,Douglas,9349,17209,2413
NV,Elko,3950,13906,2083
NV,Esmeralda,329,568,35
NV,Eureka,335,949,71
NV,Humboldt,1499,4867,826
NV,Lander,613,2037,289
NV,Lincoln,508,1766,281
NV,Lyon,6696,17989,1983
NV,Mineral,793,1360,264
NV,Nye,5172,15711,1408
NV,Pershing,602,1610,215
NV,Storey,935,1886,290
NV,Washoe,99355,94000,8504
NV,White Pine,837,2821,554
NV,Carson City,10549,12463,2576
NH,Belknap,13472,18825,2803
NH,Carroll,13518,13901,2595
NH,Cheshire,21267,16993,3194
NH,Coos,5539,8524,1695
NH,Grafton,29775,17354,3657
NH,Hillsborough,99222,98389,8139
NH,Merrimack,40749,37421,4763
NH,Rockingham,79746,89517,7019
NH,Strafford,36173,28530,4503
NH,Sullivan,10087,11462,2336
NJ,Atlantic,61941,54084,3989
NJ,Bergen,212225,161581,7790
NJ,Burlington,122151,87293,6794
NJ,Camden,145232,71311,6782
NJ,Cape May,17511,28159,1994
NJ,Cumberland,28025,24778,2277
NJ,Essex,232826,62420,6425
NJ,Gloucester,66965,68087,5348
NJ,Hudson,161901,50769,5887
NJ,Hunterdon,31026,38431,3738
NJ,Mercer,105126,45748,5756
NJ,Middlesex,186382,118017,7777
NJ,Monmouth,133469,153728,7861
NJ,Morris,114486,122023,7249
NJ,Ocean,86821,165415,7154
NJ,Passaic,117852,72498,5289
NJ,Salem,11511,17084,1710
NJ,Somerset,87110,64757,5940
NJ,Sussex,25386,48147,3752
NJ,Union,146409,67424,6132
NJ,Warren,17739,29973,2652
NM,Bernalillo,143014,92597,9506
NM,Catron,629,1586,233
NM,Chaves,5837,12130,2534
NM,Cibola,3849,3312,1848
NM,Colfax,2137,2575,998
NM,Curry,3127,8557,1926
NM,De Baca,429,852,137
NM,Dona Ana,41156,23220,5889
NM,Eddy,4864,13039,2164
NM,Grant,6469,5096,1822
NM,Guadalupe,966,784,414
NM,Harding,376,549,84
NM,Hidalgo,914,1083,279
NM,Lea,4483,11971,1996
NM,Lincoln,2376,5919,966
NM,Los Alamos,6161,2488,2733
NM,Luna,3427,3407,977
NM,McKinley,14002,4747,3637
NM,Mora,1564,846,390
NM,Otero,6955,10860,2620
NM,Quay,1069,2283,565
NM,Rio Arriba,10115,3597,2545
NM,Roosevelt,1579,3723,1020
NM,Sandoval,33625,27164,6581
NM,San Juan,13056,25847,4891
NM,San Miguel,7405,2260,1806
NM,Santa Fe,52900,11887,6158
NM,Sierra,1713,3114,902
NM,Socorro,3278,2543,1386
NM,Taos,11676,2648,2596
NM,Torrance,1836,3841,1205
NM,Union,515,1331,251
NM,Valencia,11652,12722,4096
MO,Kansas City,97546,21461,5150
NY,Albany,82529,49935,8486
NY,Allegany,4820,14649,1566
NY,Bronx,338752,39795,7872
NY,Broome,40845,42312,6659
NY,Cattaraugus,9033,22267,3007
NY,Cayuga,12789,20934,3433
NY,Chautauqua,19749,33320,4927
NY,Chemung,13846,21708,3231
NY,Chenango,6478,13965,1821
NY,Clinton,15125,16987,3672
NY,Columbia,16848,16457,2989
NY,Cortland,9201,11071,2074
NY,Delaware,6697,13808,1513
NY,Dutchess,64409,63962,7448
NY,Erie,209605,166874,9611
NY,Essex,7867,9006,1941
NY,Franklin,6748,9949,1807
NY,Fulton,6060,16235,1553
NY,Genesee,7535,20009,2857
NY,Greene,7713,15830,2243
NY,Hamilton,1101,2314,64
NY,Herkimer,7008,19733,1995
NY,Jefferson,13480,24962,3961
NY,Kings,653728,128971,9533
NY,Lewis,2726,8921,839
NY,Livingston,12332,20278,3113
NY,Madison,11982,18278,3368
NY,Monroe,180897,126484,9534
NY,Montgomery,5902,14112,1469
NY,Nassau,289948,244692,9550
NY,New York,545369,63971,9578
NY,Niagara,36032,55869,5745
NY,Oneida,34383,54064,6349
NY,Onondaga,111884,82777,9397
NY,Ontario,24582,27540,5709
NY,Orange,69721,77189,7589
NY,Orleans,4448,13699,1170
NY,Oswego,15305,32467,4760
NY,Otsego,10811,15225,2476
NY,Putnam,21382,30196,3756
NY,Queens,495321,134536,9482
NY,Rensselaer,34015,37518,6122
NY,Richmond,74740,101512,6391
NY,Rockland,70266,62249,6046
NY,St. Lawrence,15360,24187,3954
NY,Saratoga,53228,56468,8284
NY,Schenectady,34711,31506,5559
NY,Schoharie,4152,10730,1114
NY,Schuyler,3221,5885,581
NY,Seneca,5537,8678,1248
NY,Steuben,12958,28906,3926
NY,Suffolk,279617,271664,9598
NY,Sullivan,12944,19214,2254
NY,Tioga,7646,14532,1919
NY,Tompkins,32497,10078,4992
NY,Ulster,44666,36120,6148
NY,Warren,14408,17482,3485
NY,Washington,9502,16473,2541
NY,Wayne,14114,26382,4444
NY,Westchester,245128,125567,9396
NY,Wyoming,3515,14985,1124
NY,Yates,3739,6462,810
NC,Alamance,33525,38845,3084
NC,Alexander,3632,15388,959
NC,Alleghany,1399,4132,316
NC,Anson,5471,4880,282
NC,Ashe,3479,10498,848
NC,Avery,1839,6688,408
NC,Beaufort,9432,15251,1049
NC,Bertie,5707,3644,154
NC,Bladen,7115,9661,439
NC,Brunswick,26888,48735,3035
NC,Buncombe,78356,55850,6412
NC,Burke,11533,29351,2045
NC,Cabarrus,41528,55858,4213
NC,Caldwell,8133,28107,1758
NC,Camden,1385,4005,289
NC,Carteret,11508,29398,1883
NC,Caswell,4882,6402,417
NC,Catawba,22943,49969,3255
NC,Chatham,25203,17691,2447
NC,Cherokee,2778,12405,769
NC,Chowan,3108,4336,367
NC,Clay,1460,4849,329
NC,Cleveland,15130,30526,1809
NC,Columbus,8137,16345,581
NC,Craven,19638,27483,2316
NC,Cumberland,75697,52169,4477
NC,Currituck,2891,10810,950
NC,Dare,8070,12463,1488
NC,Davidson,19400,56031,2919
NC,Davie,5756,16799,1479
NC,Duplin,8694,13292,575
NC,Durham,125863,25125,5493
NC,Edgecombe,16841,8255,687
NC,Forsyth,97785,74733,6179
NC,Franklin,14324,18148,1774
NC,Gaston,34632,64660,3880
NC,Gates,2450,3248,201
NC,Graham,823,3673,164
NC,Granville,14336,15232,1427
NC,Greene,3867,4529,167
NC,Guilford,154246,96942,7163
NC,Halifax,16774,9714,643
NC,Harnett,18863,28805,2489
NC,Haywood,10528,20931,1888
NC,Henderson,23260,37100,3081
NC,Hertford,7190,3274,258
NC,Hoke,10831,8727,1314
NC,Hyde,1103,1491,64
NC,Iredell,28400,57523,3486
NC,Jackson,8504,11213,1788
NC,Johnston,33109,57490,3633
NC,Jones,2146,3174,133
NC,Lee,11743,14440,1512
NC,Lenoir,13183,13356,985
NC,Lincoln,10433,31395,1976
NC,McDowell,4458,17018,1012
NC,Macon,5005,13405,1155
NC,Madison,4005,7685,912
NC,Martin,5948,6112,350
NC,Mecklenburg,310692,153941,8947
NC,Mitchell,1697,6536,329
NC,Montgomery,4124,7772,427
NC,Moore,18454,30908,2699
NC,Nash,25762,23090,1781
NC,New Hanover,55211,56687,5121
NC,Northampton,5946,3857,184
NC,Onslow,21468,40020,3179
NC,Orange,63266,15649,3908
NC,Pamlico,2584,4444,246
NC,Pasquotank,8999,9116,1007
NC,Pender,10571,21477,1498
NC,Perquimans,2382,4597,335
NC,Person,8428,12128,1025
NC,Pitt,47449,36758,3608
NC,Polk,3880,7422,718
NC,Randolph,14279,51140,2521
NC,Richmond,8181,11978,743
NC,Robeson,17436,23223,1627
NC,Rockingham,14377,26987,1832
NC,Rowan,20759,44368,2669
NC,Rutherford,7063,24450,1381
NC,Sampson,11011,15669,931
NC,Scotland,7496,6908,597
NC,Stanly,6917,23267,1314
NC,Stokes,4491,18515,1232
NC,Surry,7773,25717,1557
NC,Swain,2207,4006,600
NC,Transylvania,6987,11167,1232
NC,Tyrrell,917,1201,61
NC,Union,40961,70018,4558
NC,Vance,13650,7669,739
NC,Wake,313456,194984,9397
NC,Warren,6831,3374,360
NC,Washington,3595,2679,123
NC,Watauga,16984,13721,2780
NC,Wayne,24318,27425,2130
NC,Wilkes,6373,25425,1367
NC,Wilson,21182,17300,1565
NC,Yadkin,3190,15017,931
NC,Yancey,2957,7129,604
ND,Adams,444,1065,133
ND,Barnes,1514,3156,987
ND,Benson,957,1099,388
ND,Billings,325,716,67
ND,Bottineau,797,2588,424
ND,Bowman,419,1628,166
ND,Burke,334,1106,44
ND,Burleigh,11169,32783,4298
ND,Cass,34858,37912,6609
ND,Cavalier,570,1511,275
ND,Dickey,686,1753,274
ND,Divide,439,1094,148
ND,Dunn,529,1973,177
ND,Eddy,554,1038,116
ND,Emmons,398,1868,105
ND,Foster,510,1439,196
ND,Golden Valley,347,1001,84
ND,Grand Forks,11085,15216,3381
ND,Grant,382,1227,349
ND,Griggs,462,1032,176
ND,Hettinger,373,1218,97
ND,Kidder,348,1360,103
ND,LaMoure,660,1620,246
ND,Logan,341,1090,86
ND,McHenry,512,2245,450
ND,McIntosh,424,1236,160
ND,McKenzie,821,4252,526
ND,McLean,1044,4204,607
ND,Mercer,660,3985,461
ND,Morton,2804,12973,1947
ND,Mountrail,1311,2902,500
ND,Nelson,690,1220,237
ND,Oliver,324,1069,85
ND,Pembina,686,2298,408
ND,Pierce,592,1529,324
ND,Ramsey,1443,3411,983
ND,Ransom,840,1404,526
ND,Renville,382,1210,148
ND,Richland,1821,4703,1251
ND,Rolette,1789,1374,739
ND,Sargent,753,1287,345
ND,Sheridan,345,833,55
ND,Sioux,976,511,365
ND,Slope,307,605,31
ND,Stark,1682,10340,1206
ND,Steele,540,744,144
ND,Stutsman,2266,7063,1426
ND,Towner,470,946,171
ND,Traill,1268,2343,728
ND,Walsh,995,2947,775
ND,Ward,5449,18495,3366
ND,Wells,552,1941,262
ND,Williams,1745,12025,1566
OH,Adams,1589,9667,611
OH,Allen,12273,29079,2645
OH,Ashland,4794,17820,1921
OH,Ashtabula,11872,24503,2366
OH,Athens,16234,13094,2221
OH,Auglaize,3455,18644,1492
OH,Belmont,5362,23271,1704
OH,Brown,3040,16208,1054
OH,Butler,59628,104728,6925
OH,Carroll,2145,10385,995
OH,Champaign,3454,13479,1406
OH,Clark,19740,35451,3215
OH,Clermont,27211,67302,4897
OH,Clinton,3678,14858,1242
OH,Columbiana,7938,33623,2520
OH,Coshocton,2856,12330,1198
OH,Crawford,3368,14025,1511
OH,Cuyahoga,414383,171512,9355
OH,Darke,3461,19893,1458
OH,Defiance,4697,12346,1707
OH,Delaware,45336,57346,4902
OH,Erie,13701,20228,2621
OH,Fairfield,23918,44811,3788
OH,Fayette,2085,8967,745
OH,Franklin,342919,191003,9539
OH,Fulton,5167,13997,2170
OH,Gallia,1583,11288,768
OH,Geauga,16898,28543,2680
OH,Greene,28565,48631,4331
OH,Guernsey,2614,12933,1205
OH,Hamilton,208357,166484,9218
OH,Hancock,9766,22770,2860
OH,Hardin,2209,9397,1053
OH,Harrison,1282,5645,494
OH,Henry,3274,9366,1385
OH,Highland,2951,15780,1122
OH,Hocking,2545,9830,911
OH,Holmes,1685,8308,917
OH,Huron,5790,17163,1954
OH,Jackson,2207,11351,865
OH,Jefferson,6018,23504,1952
OH,Knox,7402,19467,1896
OH,Lake,46268,64161,5295
OH,Lawrence,4375,21224,1415
OH,Licking,26002,52028,4340
OH,Logan,3892,17067,1462
OH,Lorain,66353,66978,6306
OH,Lucas,111659,73931,8343
OH,Madison,3687,12369,1411
OH,Mahoning,56567,55170,3853
OH,Marion,5577,17694,2024
OH,Medina,32215,55560,4377
OH,Meigs,1386,8221,604
OH,Mercer,3142,17159,1263
OH,Miami,11739,36999,3078
OH,Monroe,1086,5510,398
OH,Montgomery,120297,119643,8703
OH,Morgan,1385,5131,465
OH,Morrow,2796,13317,1319
OH,Muskingum,8243,25221,2334
OH,Noble,959,5040,415
OH,Ottawa,6815,13444,2000
OH,Paulding,1712,6983,754
OH,Perry,2593,12090,1042
OH,Pickaway,4666,19036,1746
OH,Pike,2510,9371,760
OH,Portage,31666,40660,3969
OH,Preble,3381,16524,1186
OH,Putnam,2682,14812,1407
OH,Richland,13637,36016,2915
OH,Ross,7768,20689,1649
OH,Sandusky,8733,16774,2463
OH,Scioto,4347,22864,1602
OH,Seneca,6415,14696,2373
OH,Shelby,3582,18698,1399
OH,Stark,67693,96687,7844
OH,Summit,132199,109203,8320
OH,Trumbull,42786,51420,4126
OH,Tuscarawas,10613,26470,2671
OH,Union,7926,18724,2373
OH,Van Wert,2577,10358,1026
OH,Vinton,955,4459,410
OH,Warren,36519,77329,5208
OH,Washington,5856,21734,1838
OH,Wayne,13379,31086,3065
OH,Williams,3544,12210,1529
OH,Wood,27055,31202,4447
OH,Wyandot,2022,8036,979
OK,Adair,1072,5031,827
OK,Alfalfa,423,2128,290
OK,Atoka,695,4535,348
OK,Beaver,405,2080,228
OK,Beckham,898,7023,676
OK,Blaine,758,3015,473
OK,Bryan,2192,11492,1322
OK,Caddo,2057,7156,1091
OK,Canadian,13543,42026,4977
OK,Carter,3428,15547,1918
OK,Cherokee,4804,11363,2476
OK,Choctaw,927,4781,376
OK,Cimarron,323,1077,182
OK,Cleveland,42098,62631,6132
OK,Coal,437,2161,256
OK,Comanche,12191,19344,3772
OK,Cotton,524,2304,318
OK,Craig,1131,4779,593
OK,Creek,4742,23399,3126
OK,Custer,2099,8243,1512
OK,Delaware,2921,13278,1431
OK,Dewey,437,2178,207
OK,Ellis,373,1762,207
OK,Garfield,4409,16236,2952
OK,Garvin,1542,9406,1070
OK,Grady,3450,19415,2569
OK,Grant,490,2021,249
OK,Greer,476,1716,257
OK,Harmon,465,940,170
OK,Harper,379,1500,185
OK,Haskell,794,4185,380
OK,Hughes,879,3802,426
OK,Jackson,1435,6087,879
OK,Jefferson,471,2187,230
OK,Johnston,753,3424,348
OK,Kay,3324,12482,2171
OK,Kingfisher,943,5400,453
OK,Kiowa,793,2840,330
OK,Latimer,722,3522,388
OK,Le Flore,2167,15484,1507
OK,Lincoln,2007,12160,1827
OK,Logan,4480,15138,2588
OK,Love,773,3333,334
OK,McClain,2831,15259,1953
OK,McCurtain,1464,9561,637
OK,McIntosh,1701,6280,804
OK,Major,499,3154,368
OK,Marshall,1070,4617,455
OK,Mayes,2537,13223,1822
OK,Murray,955,4593,632
OK,Muskogee,6457,16432,2768
OK,Noble,957,3937,622
OK,Nowata,688,3728,420
OK,Okfuskee,958,3179,477
OK,Oklahoma,112938,134934,6621
OK,Okmulgee,3614,10199,1534
OK,Osage,4958,14057,1946
OK,Ottawa,2105,8349,1166
OK,Pawnee,1205,5158,694
OK,Payne,9129,16073,4157
OK,Pittsburg,2650,14613,1980
OK,Pontotoc,3454,11744,1879
OK,Pottawatomie,5243,19032,3376
OK,Pushmataha,713,4010,378
OK,Roger Mills,349,1789,207
OK,Rogers,7000,32781,3905
OK,Seminole,1821,6251,850
OK,Sequoyah,2177,12134,1199
OK,Stephens,2545,15652,1574
OK,Texas,1039,4553,718
OK,Tillman,745,2151,282
OK,Tulsa,87087,136915,6560
OK,Wagoner,6210,24832,3353
OK,Washington,4800,15706,3028
OK,Washita,669,4156,453
OK,Woods,685,3156,475
OK,Woodward,947,6832,907
OR,Baker,1743,6401,1081
OR,Benton,30751,10522,5413
OR,Clackamas,101205,86088,9165
OR,Clatsop,9206,8280,2683
OR,Columbia,9698,14167,3359
OR,Coos,9216,18061,3057
OR,Crook,2712,9499,1496
OR,Curry,4296,7446,1485
OR,Deschutes,46598,45540,7006
OR,Douglas,13910,33413,4567
OR,Gilliam,450,879,149
OR,Grant,944,3321,638
OR,Harney,855,3102,632
OR,Hood River,7157,3032,1704
OR,Jackson,46143,53579,8124
OR,Jefferson,3060,5900,1643
OR,Josephine,14074,25809,4024
OR,Klamath,7289,18677,3024
OR,Lake,835,3103,395
OR,Lane,101294,65967,9375
OR,Lincoln,12260,10452,2989
OR,Linn,17634,32971,5948
OR,Malheur,2208,7189,1503
OR,Marion,58729,62269,8478
OR,Morrow,1141,2856,721
OR,Multnomah,271422,65938,9606
OR,Polk,17575,18027,4412
OR,Sherman,413,949,116
OR,Tillamook,5797,6729,2043
OR,Umatilla,7619,16660,3155
OR,Union,3098,8505,1786
OR,Wallowa,1289,2895,620
OR,Wasco,4800,5923,1915
OR,Washington,150197,80893,9491
OR,Wheeler,378,809,87
OR,Yamhill,20853,21602,5135
PA,Adams,16191,31547,2421
PA,Allegheny,338061,245113,9447
PA,Armstrong,6142,24272,1399
PA,Beaver,31645,50276,3070
PA,Bedford,3340,20579,744
PA,Berks,79526,95231,6689
PA,Blair,14023,39342,2249
PA,Bradford,6155,19360,1829
PA,Bucks,157741,156652,8422
PA,Butler,29333,65070,4011
PA,Cambria,18244,43148,2308
PA,Cameron,696,1783,124
PA,Carbon,8328,22532,1411
PA,Centre,42672,34937,3992
PA,Chester,140644,114703,7403
PA,Clarion,4452,13655,1092
PA,Clearfield,7772,25533,1613
PA,Clinton,4934,11810,993
PA,Columbia,9475,19433,1888
PA,Crawford,10154,25699,1906
PA,Cumberland,50757,68437,4946
PA,Dauphin,66539,60255,4772
PA,Delaware,169145,107689,7274
PA,Elk,3619,11175,949
PA,Erie,58534,60601,4859
PA,Fayette,14823,38109,1416
PA,Forest,741,1919,134
PA,Franklin,19122,51168,3064
PA,Fulton,963,6218,260
PA,Greene,4227,12597,705
PA,Huntingdon,4585,15995,1140
PA,Indiana,10836,25606,1871
PA,Jefferson,3526,15693,1004
PA,Juniata,1721,8978,609
PA,Lackawanna,52724,50410,2932
PA,Lancaster,92938,131281,7741
PA,Lawrence,11209,27009,1958
PA,Lebanon,21434,40485,2662
PA,Lehigh,81839,72875,5162
PA,Luzerne,52873,79717,3557
PA,Lycoming,13697,35223,2286
PA,McKean,3663,12291,909
PA,Mercer,16738,33284,2372
PA,Mifflin,4059,15003,982
PA,Monroe,38070,35501,2785
PA,Montgomery,235502,156653,8802
PA,Montour,3049,5618,689
PA,Northampton,67266,71955,4700
PA,Northumberland,7800,26171,1811
PA,Perry,4546,16732,1451
PA,Philadelphia,610937,103991,9012
PA,Pike,10294,18283,1149
PA,Potter,1232,6756,345
PA,Schuylkill,13497,46703,2431
PA,Snyder,4113,12585,1037
PA,Somerset,6986,26736,1496
PA,Sullivan,846,2556,132
PA,Susquehanna,4815,13884,1320
PA,Tioga,3656,14851,1254
PA,Union,7107,10953,1055
PA,Venango,5747,16911,1473
PA,Warren,4641,13580,1144
PA,Washington,36394,63258,3907
PA,Wayne,7309,17885,1084
PA,Westmoreland,59302,115099,5213
PA,Wyoming,3665,10189,777
PA,York,70058,125378,6908
RI,Bristol,15358,8603,2365
RI,Kent,38415,40201,4950
RI,Newport,23339,14310,3101
RI,Providence,142575,90021,8421
RI,Washington,34747,26709,4562
SC,Abbeville,3444,7663,392
SC,Aiken,28103,47392,3371
SC,Allendale,2613,969,95
SC,Anderson,21803,58866,3176
SC,Bamberg,3700,2368,154
SC,Barnwell,4253,5155,291
SC,Beaufort,36710,43900,3589
SC,Berkeley,34611,47385,3961
SC,Calhoun,3533,3963,269
SC,Charleston,91523,74514,6923
SC,Cherokee,5737,17020,736
SC,Chester,6364,8095,526
SC,Chesterfield,6643,10376,702
SC,Clarendon,7478,7869,433
SC,Colleton,7955,10161,839
SC,Darlington,13883,15828,1171
SC,Dillon,5744,6400,359
SC,Dorchester,27408,36588,3522
SC,Edgefield,4605,7349,497
SC,Fairfield,7135,4199,423
SC,Florence,28104,30033,2007
SC,Georgetown,14557,19326,1253
SC,Greenville,76893,126509,8057
SC,Greenwood,11624,18715,1553
SC,Hampton,5159,3756,219
SC,Horry,42576,94118,3708
SC,Jasper,6557,5827,457
SC,Kershaw,11015,19352,1577
SC,Lancaster,16080,27783,1933
SC,Laurens,8687,18562,1279
SC,Lee,5129,2949,232
SC,Lexington,38230,80297,5478
SC,McCormick,2529,2844,101
SC,Marion,8678,5672,361
SC,Marlboro,6678,4851,206
SC,Newberry,6571,11564,790
SC,Oconee,8386,26066,1870
SC,Orangeburg,24170,11559,989
SC,Pickens,10651,37531,2717
SC,Richland,111059,53158,6037
SC,Saluda,2715,6035,346
SC,Spartanburg,41993,76937,4207
SC,Sumter,24523,17967,1781
SC,Union,4432,7932,446
SC,Williamsburg,10104,5050,353
SC,York,47545,69666,5006
SD,Aurora,502,1197,123
SD,Beadle,1652,4382,605
SD,Bennett,556,858,89
SD,Bon Homme,734,2270,222
SD,Brookings,5256,6754,1489
SD,Brown,5266,9508,1428
SD,Brule,677,1706,216
SD,Buffalo,443,424,31
SD,Butte,844,3468,426
SD,Campbell,359,930,24
SD,Charles Mix,834,2452,136
SD,Clark,498,1277,172
SD,Clay,2764,2138,506
SD,Codington,2903,7959,1109
SD,Corson,699,810,55
SD,Custer,1247,3468,441
SD,Davison,2254,5205,647
SD,Day,940,1858,198
SD,Deuel,651,1545,203
SD,Dewey,895,912,135
SD,Douglas,431,1438,67
SD,Edmunds,536,1618,134
SD,Fall River,893,2731,301
SD,Faulk,414,1057,68
SD,Grant,973,2555,305
SD,Gregory,542,1728,126
SD,Haakon,321,1111,40
SD,Hamlin,629,2217,211
SD,Hand,491,1571,124
SD,Hanson,562,1576,118
SD,Harding,306,904,45
SD,Hughes,2492,5008,895
SD,Hutchinson,834,2495,218
SD,Hyde,362,759,25
SD,Jackson,513,947,61
SD,Jerauld,450,879,72
SD,Jones,330,647,51
SD,Kingsbury,772,1852,236
SD,Lake,2372,4292,653
SD,Lawrence,3548,7437,1515
SD,Lincoln,9510,16756,2436
SD,Lyman,486,1156,94
SD,McCook,740,1916,252
SD,McPherson,438,1024,64
SD,Marshall,865,1250,202
SD,Meade,2282,8766,1380
SD,Mellette,436,635,57
SD,Miner,447,902,105
SD,Minnehaha,32585,41151,4986
SD,Moody,1077,1900,216
SD,Pennington,15805,28424,4068
SD,Perkins,415,1501,92
SD,Potter,430,1225,71
SD,Roberts,1394,2247,300
SD,Sanborn,425,1049,71
SD,Oglala Lakota,2260,494,212
SD,Spink,970,1948,255
SD,Stanley,540,1335,112
SD,Sully,390,897,57
SD,Todd,1385,662,187
SD,Tripp,574,2185,127
SD,Turner,972,2991,366
SD,Union,2177,5731,626
SD,Walworth,619,2034,163
SD,Yankton,3152,5445,954
SD,Ziebach,551,611,63
TN,Anderson,7884,19535,2140
TN,Bedford,3106,13494,790
TN,Benton,1019,5378,191
TN,Bledsoe,864,4102,230
TN,Blount,12093,38412,2933
TN,Bradley,6797,31081,2397
TN,Campbell,1274,11109,683
TN,Cannon,1041,4547,283
TN,Carroll,1641,8559,496
TN,Carter,2702,17609,1090
TN,Cheatham,3542,12654,1202
TN,Chester,1172,5505,261
TN,Claiborne,1527,9550,513
TN,Clay,706,2441,108
TN,Cocke,1626,11174,549
TN,Coffee,4019,16145,1233
TN,Crockett,1224,4383,175
TN,Cumberland,4823,22111,1105
TN,Davidson,145591,83047,8631
TN,Decatur,787,4184,156
TN,DeKalb,1364,5923,356
TN,Dickson,3779,15267,1143
TN,Dyer,2281,11061,579
TN,Fayette,5911,14826,747
TN,Fentress,981,6662,314
TN,Franklin,3536,13217,736
TN,Gibson,4319,16052,834
TN,Giles,2519,9020,392
TN,Grainger,1024,7511,365
TN,Greene,3141,19364,1136
TN,Grundy,751,4390,189
TN,Hamblen,3593,17148,1192
TN,Hamilton,56255,77889,6441
TN,Hancock,480,2093,87
TN,Hardeman,3682,5237,234
TN,Hardin,1157,8399,530
TN,Hawkins,2637,18805,958
TN,Haywood,3522,3158,162
TN,Henderson,1547,9168,456
TN,Henry,2442,11249,560
TN,Hickman,1471,6446,469
TN,Houston,755,2615,182
TN,Humphreys,1502,5752,424
TN,Jackson,907,3757,150
TN,Jefferson,3249,16723,1250
TN,Johnson,983,5943,290
TN,Knox,63828,104251,8006
TN,Lake,669,1578,40
TN,Lauderdale,2647,5378,224
TN,Lawrence,1900,13893,693
TN,Lewis,785,3913,165
TN,Lincoln,2120,11398,644
TN,Loudon,5203,18688,1353
TN,McMinn,3051,16367,833
TN,McNairy,1420,8986,591
TN,Macon,940,7073,290
TN,Madison,15584,21288,2011
TN,Marion,2136,9102,510
TN,Marshall,2473,9489,694
TN,Maury,9496,26411,2178
TN,Meigs,888,3806,170
TN,Monroe,2666,15199,848
TN,Montgomery,22702,32959,3770
TN,Moore,609,2627,159
TN,Morgan,750,6060,338
TN,Obion,1889,10548,450
TN,Overton,1458,7012,404
TN,Perry,619,2575,128
TN,Pickett,661,2330,78
TN,Polk,1038,5844,255
TN,Putnam,6408,20499,1868
TN,Rhea,1591,9677,753
TN,Roane,3937,17298,1424
TN,Robertson,5675,21600,1645
TN,Rutherford,40029,65948,5223
TN,Scott,634,6770,224
TN,Sequatchie,1001,5172,297
TN,Sevier,5933,30233,1932
TN,Shelby,211904,114175,7519
TN,Smith,1270,6385,437
TN,Stewart,951,4472,331
TN,Sullivan,10697,48381,2972
TN,Sumner,17937,52190,3460
TN,Tipton,5417,18519,1228
TN,Trousdale,949,2530,167
TN,Unicoi,1087,6114,381
TN,Union,875,5679,296
TN,Van Buren,550,2176,86
TN,Warren,2686,11229,882
TN,Washington,12927,35042,2867
TN,Wayne,628,5543,152
TN,Weakley,2354,9860,663
TN,White,1397,8976,491
TN,Williamson,36465,68570,5363
TN,Wilson,14565,42041,3362
TX,Anderson,3328,13936,658
TX,Andrews,1070,4173,279
TX,Angelina,7795,21962,1076
TX,Aransas,2566,8440,484
TX,Archer,565,3967,145
TX,Armstrong,327,1163,36
TX,Atascosa,4326,8311,664
TX,Austin,2577,10187,509
TX,Bailey,644,1478,75
TX,Bandera,1937,8648,494
TX,Bastrop,12419,17996,1949
TX,Baylor,407,1431,49
TX,Bee,3443,4773,495
TX,Bell,43875,52031,4644
TX,Bexar,298776,223837,9345
TX,Blanco,1477,4596,325
TX,Borden,307,580,6
TX,Bosque,1435,6683,337
TX,Bowie,7625,25129,1304
TX,Brazoria,48784,72750,4614
TX,Brazos,29148,38873,4711
TX,Brewster,2118,2205,466
TX,Briscoe,358,863,29
TX,Brooks,2056,831,64
TX,Brown,1791,12334,618
TX,Burleson,1529,5780,214
TX,Burnet,4202,16016,1174
TX,Caldwell,5079,7092,925
TX,Calhoun,2164,4910,308
TX,Callahan,729,5257,208
TX,Cameron,65741,26766,3505
TX,Camp,1365,3471,116
TX,Carson,477,2832,134
TX,Cass,2022,10761,346
TX,Castro,726,1505,77
TX,Chambers,3220,14808,825
TX,Cherokee,3492,13582,639
TX,Childress,485,2037,41
TX,Clay,656,4565,145
TX,Cochran,429,893,44
TX,Coke,400,1437,25
TX,Coleman,593,3337,111
TX,Collin,147418,193010,8723
TX,Collingsworth,381,1157,40
TX,Colorado,2212,6648,313
TX,Comal,18113,47674,3206
TX,Comanche,961,4596,158
TX,Concho,394,1102,46
TX,Cooke,2585,13979,691
TX,Coryell,5826,12540,1634
TX,Cottle,322,703,20
TX,Crane,570,1232,44
TX,Crockett,574,1141,54
TX,Crosby,637,1301,114
TX,Culberson,652,498,42
TX,Dallam,467,1395,78
TX,Dallas,435980,261160,9519
TX,Dawson,966,2675,135
TX,Deaf Smith,1351,2824,182
TX,Delta,616,2141,48
TX,Denton,117596,165304,8489
TX,Dewitt,1237,5722,243
TX,Dickens,357,924,35
TX,Dimmit,2432,1207,115
TX,Donley,430,1360,67
TX,Duval,2680,1621,94
TX,Eastland,858,6354,265
TX,Ector,12243,24309,1783
TX,Edwards,608,987,34
TX,Ellis,20112,47199,3080
TX,El Paso,148064,54727,6810
TX,Erath,2592,12578,865
TX,Falls,1633,3528,182
TX,Fannin,2071,10659,578
TX,Fayette,2304,9182,443
TX,Fisher,592,1491,82
TX,Floyd,660,1576,69
TX,Foard,367,634,25
TX,Fort Bend,140644,118220,6713
TX,Franklin,863,3776,191
TX,Freestone,1454,6302,278
TX,Frio,2681,2063,140
TX,Gaines,857,4151,164
TX,Galveston,44254,73881,4760
TX,Garza,478,1359,37
TX,Gillespie,2664,10571,722
TX,Glasscock,309,789,23
TX,Goliad,1125,2883,167
TX,Gonzales,1747,4783,267
TX,Gray,823,6589,329
TX,Grayson,11036,36319,2371
TX,Gregg,11775,27677,1964
TX,Grimes,2275,7729,405
TX,Guadalupe,23449,38080,3307
TX,Hale,2333,6187,650
TX,Hall,372,1131,46
TX,Hamilton,680,3215,106
TX,Hansford,442,1831,64
TX,Hardeman,466,1388,81
TX,Hardin,2213,21047,609
TX,Harris,697571,575474,9609
TX,Harrison,6171,19335,1051
TX,Hartley,423,1870,67
TX,Haskell,437,1516,65
TX,Hays,40865,34743,4791
TX,Hemphill,432,1685,69
TX,Henderson,5626,24478,1094
TX,Hidalgo,125040,48246,5090
TX,Hill,2700,10904,459
TX,Hockley,1426,5968,366
TX,Hood,4431,23113,1339
TX,Hopkins,2596,11607,505
TX,Houston,1948,6489,271
TX,Howard,1762,6781,502
TX,Hudspeth,570,724,60
TX,Hunt,6947,24946,1861
TX,Hutchinson,952,7206,432
TX,Irion,358,861,22
TX,Jack,546,3263,86
TX,Jackson,1039,4494,192
TX,Jasper,2090,11252,300
TX,Jeff Davis,666,893,95
TX,Jefferson,41900,42561,2724
TX,Jim Hogg,1931,664,76
TX,Jim Wells,6903,5712,431
TX,Johnson,12168,46549,2760
TX,Jones,994,5178,327
TX,Karnes,1314,3024,123
TX,Kaufman,12301,32197,2157
TX,Kendall,4356,16924,1264
TX,Kenedy,381,359,6
TX,Kent,326,607,22
TX,Kerr,5446,17583,1379
TX,Kimble,469,1832,71
TX,King,285,421,10
TX,Kinney,684,1126,43
TX,Kleberg,5057,4448,750
TX,Knox,451,1188,55
TX,Lamar,3487,16208,749
TX,Lamb,936,3244,166
TX,Lampasas,1732,7011,580
TX,La Salle,1351,1112,81
TX,Lavaca,1207,7807,200
TX,Lee,1462,5357,240
TX,Leon,997,6955,198
TX,Liberty,4625,19522,803
TX,Limestone,1687,6153,244
TX,Lipscomb,405,1376,55
TX,Live Oak,880,3681,133
TX,Llano,1998,8799,509
TX,Loving,284,336,6
TX,Lubbock,32613,65005,4809
TX,Lynn,626,1686,86
TX,McCulloch,696,2654,87
TX,McLennan,28985,48154,3815
TX,McMullen,314,684,8
TX,Madison,1033,3590,72
TX,Marion,1151,3202,115
TX,Martin,533,1624,59
TX,Mason,609,1824,63
TX,Matagorda,3416,8515,546
TX,Maverick,13081,2854,640
TX,Medina,4920,12746,820
TX,Menard,411,895,36
TX,Midland,12330,36889,2817
TX,Milam,1841,6912,383
TX,Mills,485,2086,57
TX,Mitchell,511,1909,89
TX,Montague,947,8305,306
TX,Montgomery,53325,152182,6409
TX,Moore,1366,4015,337
TX,Morris,1316,3704,137
TX,Motley,304,792,12
TX,Nacogdoches,8027,15723,1581
TX,Navarro,4103,12869,706
TX,Newton,941,4429,104
TX,Nolan,1147,3738,461
TX,Nueces,50855,50540,4119
TX,Ochiltree,532,2678,149
TX,Oldham,354,1088,27
TX,Orange,3798,26143,1088
TX,Palo Pinto,1801,8990,431
TX,Panola,1745,9015,187
TX,Parker,9989,50031,2621
TX,Parmer,761,2228,98
TX,Pecos,1715,2390,259
TX,Polk,3897,15664,763
TX,Potter,9039,19358,1989
TX,Presidio,1704,892,137
TX,Rains,776,4422,148
TX,Randall,10045,44321,3072
TX,Reagan,438,912,37
TX,Real,521,1591,46
TX,Red River,1065,4207,123
TX,Reeves,1796,1634,156
TX,Refugio,1288,1985,126
TX,Roberts,294,777,13
TX,Robertson,1937,4859,243
TX,Rockwall,12142,29304,2629
TX,Runnels,657,3378,100
TX,Rusk,3838,15120,593
TX,Sabine,693,4371,43
TX,San Augustine,951,2801,50
TX,San Jacinto,2019,8869,386
TX,San Patricio,8624,13199,1264
TX,San Saba,531,2214,48
TX,Schleicher,468,1040,41
TX,Scurry,929,4638,221
TX,Shackelford,361,1611,29
TX,Shelby,1558,7530,196
TX,Sherman,357,950,45
TX,Smith,24444,59309,3730
TX,Somervell,740,3428,230
TX,Starr,8724,2439,349
TX,Stephens,532,3203,102
TX,Sterling,367,811,20
TX,Stonewall,386,804,14
TX,Sutton,553,1246,38
TX,Swisher,688,1856,98
TX,Tarrant,271451,327304,9515
TX,Taylor,12021,32127,2987
TX,Terrell,391,508,11
TX,Terry,948,2458,211
TX,Throckmorton,342,930,12
TX,Titus,2724,6954,500
TX,Tom Green,10569,26528,2425
TX,Travis,278137,124202,9599
TX,Trinity,1087,4880,106
TX,Tyler,1166,7295,218
TX,Upshur,2194,14397,703
TX,Upton,530,1191,76
TX,Uvalde,4219,4926,422
TX,Val Verde,8365,5731,1350
TX,Van Zandt,2871,20341,1023
TX,Victoria,9775,20925,1437
TX,Walker,6760,13225,1256
TX,Waller,5843,11583,863
TX,Ward,962,2728,171
TX,Washington,3715,11183,843
TX,Webb,47528,12026,2398
TX,Wharton,4492,10494,569
TX,Wheeler,425,2299,29
TX,Wichita,9009,26210,2232
TX,Wilbarger,937,3302,183
TX,Willacy,3541,1610,183
TX,Williamson,93050,104283,8498
TX,Wilson,5215,15265,1105
TX,Winkler,684,1604,77
TX,Wise,3693,22768,1073
TX,Wood,2638,16780,618
TX,Yoakum,683,1955,115
TX,Young,1004,6888,351
TX,Zapata,1948,1164,65
TX,Zavala,2766,927,82
UT,Beaver,499,1753,720
UT,Box Elder,2918,8150,4570
UT,Cache,12528,13640,6658
UT,Carbon,1742,5040,1568
UT,Daggett,348,525,90
UT,Davis,37804,60210,7547
UT,Duchesne,743,5278,1702
UT,Emery,587,3150,855
UT,Garfield,650,1602,686
UT,Grand,2268,2021,864
UT,Iron,3046,9142,3830
UT,Juab,712,2499,1607
UT,Kane,1000,2169,882
UT,Millard,707,3354,1610
UT,Morgan,926,2667,2507
UT,Piute,318,805,83
UT,Rich,393,923,361
UT,Salt Lake,166823,155924,9603
UT,San Juan,2245,2393,1398
UT,Sanpete,1409,5159,3179
UT,Sevier,1007,6297,2078
UT,Summit,13670,5613,3269
UT,Tooele,5388,7624,4880
UT,Uintah,1250,9000,2960
UT,Utah,43094,106209,8088
UT,Wasatch,3883,5141,3793
UT,Washington,13704,42060,5584
UT,Wayne,561,1064,308
UT,Weber,28445,37300,7208
VT,Addison,11778,5043,3036
VT,Bennington,9214,5711,2420
VT,Caledonia,6293,5517,2681
VT,Chittenden,57179,14436,6169
VT,Essex,1066,1764,683
VT,Franklin,9143,9379,3600
VT,Grand Isle,2112,1594,955
VT,Lamoille,7237,3600,2696
VT,Orange,7489,4969,2716
VT,Orleans,4895,5395,2437
VT,Rutland,13693,12253,3454
VT,Washington,19118,7190,3994
VT,Windham,14513,5277,3089
VT,Windsor,17892,7702,3606
VA,Accomack,6996,8888,785
VA,Albemarle,37807,15415,3990
VA,Alleghany,1763,5604,405
VA,Amelia,2197,5058,304
VA,Amherst,5062,10610,1038
VA,Appomattox,2051,6098,371
VA,Arlington,94119,13874,6190
VA,Augusta,8687,26987,2342
VA,Bath,740,1810,135
VA,Bedford,27593,27580,343
VA,Bland,573,2882,144
VA,Botetourt,4335,14085,1334
VA,Brunswick,4519,3164,205
VA,Buchanan,1004,7618,363
VA,Buckingham,3018,4265,284
VA,Campbell,6735,21091,1842
VA,Caroline,6758,7971,2177
VA,Carroll,2199,12008,506
VA,Charles City,2616,1660,180
VA,Charlotte,2225,3701,254
VA,Chesterfield,85301,84017,6910
VA,Clarke,3246,4891,777
VA,Craig,636,2428,141
VA,Culpeper,8904,14805,1740
VA,Cumberland,2059,2864,242
VA,Dickenson,937,5162,230
VA,Dinwiddie,5853,7957,554
VA,Essex,2596,2769,336
VA,Fairfax,8312,3075,1627
VA,Fauquier,14443,21803,3039
VA,Floyd,2318,5764,667
VA,Fluvanna,6372,7268,1406
VA,Franklin,2657,1539,200
VA,Frederick,13539,27057,2899
VA,Giles,1782,6731,500
VA,Gloucester,5303,14258,1680
VA,Goochland,5445,8653,1303
VA,Grayson,1303,6051,381
VA,Greene,3021,6271,1235
VA,Greensville,2502,1853,98
VA,Halifax,7227,10568,562
VA,Hanover,22249,39681,3976
VA,Henrico,97387,58464,6683
VA,Henry,7647,16062,783
VA,Highland,592,1151,84
VA,Isle of Wight,8412,13046,1658
VA,James City,22566,20346,3390
VA,King and Queen,1585,2321,181
VA,King George,4271,8028,1180
VA,King William,2764,6443,740
VA,Lancaster,3000,3442,426
VA,Lee,1200,7950,321
VA,Loudoun,108841,69445,7101
VA,Louisa,6568,11808,1419
VA,Lunenburg,2189,3406,213
VA,Madison,2275,4825,604
VA,Mathews,1672,3593,358
VA,Mecklenburg,6652,8755,494
VA,Middlesex,2197,3812,331
VA,Montgomery,23756,19410,3816
VA,Nelson,3761,4320,814
VA,New Kent,3857,8973,976
VA,Northampton,3339,2799,367
VA,Northumberland,2961,4382,408
VA,Nottoway,2847,4006,281
VA,Orange,6240,11687,1219
VA,Page,2298,8765,631
VA,Patrick,1708,7015,366
VA,Pittsylvania,9279,22807,941
VA,Powhatan,4429,12725,1597
VA,Prince Edward,4767,4444,705
VA,Prince George,6889,9671,1044
VA,Prince William,119525,70616,7056
VA,Pulaski,3918,11406,853
VA,Rappahannock,1836,2751,312
VA,Richmond,84794,10591,5462
VA,Roanoke,23936,13767,2789
VA,Rockbridge,3504,7323,945
VA,Rockingham,10466,26097,2758
VA,Russell,1856,10332,536
VA,Scott,1239,8976,358
VA,Shenandoah,5301,15130,1730
VA,Smyth,2013,10641,601
VA,Southampton,3467,5413,393
VA,Spotsylvania,27381,34570,3928
VA,Stafford,31784,33528,4209
VA,Surry,2379,2040,191
VA,Sussex,2918,2217,140
VA,Tazewell,2429,16140,663
VA,Warren,5179,13147,1424
VA,Washington,5190,19995,1174
VA,Westmoreland,4024,4980,476
VA,Wise,2218,12707,539
VA,Wythe,2520,11434,821
VA,York,14740,17545,2939
VA,Alexandria,60306,8295,4505
VA,Bristol,1723,5080,500
VA,Buena Vista,846,1471,491
VA,Charlottesville,21051,1894,2288
VA,Chesapeake,55742,54189,5110
VA,Colonial Heights,2493,5654,695
VA,Covington,942,1665,175
VA,Danville,11754,6789,774
VA,Emporia,1631,935,66
VA,Falls Church,6534,1057,1089
VA,Fredericksburg,7018,3559,1366
VA,Galax,817,1865,124
VA,Hampton,44461,15676,3473
VA,Harrisonburg,12843,6018,2302
VA,Hopewell,5044,4070,638
VA,Lexington,1717,770,281
VA,Lynchburg,16398,17680,3429
VA,Manassas,9032,5179,1732
VA,Manassas Park,3606,1843,494
VA,Martinsville,3758,2135,327
VA,Newport News,49046,22791,4368
VA,Norfolk,59820,19501,4330
VA,Norton,557,1245,72
VA,Petersburg,12406,1443,575
VA,Poquoson,1775,5091,850
VA,Portsmouth,29818,12220,2617
VA,Radford,3285,2748,910
VA,Salem,4292,7215,1266
VA,Staunton,5688,4986,1352
VA,Suffolk,25657,17731,2668
VA,Virginia Beach,93290,96322,7792
VA,Waynesboro,4083,4801,1098
VA,Williamsburg,5915,1704,841
VA,Winchester,5686,4569,1136
WA,Adams,1394,3000,423
WA,Asotin,2989,5874,1356
WA,Benton,26657,46954,5414
WA,Chelan,14822,16733,2569
WA,Clallam,18161,18001,2966
WA,Clark,93272,91079,8680
WA,Columbia,715,1611,244
WA,Cowlitz,16773,24804,3511
WA,Douglas,5432,9822,1513
WA,Ferry,1248,2384,417
WA,Franklin,9933,13045,2244
WA,Garfield,511,1029,171
WA,Grant,8063,17909,2348
WA,Grays Harbor,10378,15158,2537
WA,Island,22183,16943,3496
WA,Jefferson,13527,5766,1965
WA,King,725723,230061,9620
WA,Kitsap,63409,48589,7683
WA,Kittitas,7801,10517,1811
WA,Klickitat,4363,6060,1096
WA,Lewis,9367,21625,2632
WA,Lincoln,1308,4108,578
WA,Mason,11266,14543,2661
WA,Okanogan,6457,9492,1440
WA,Pacific,4305,5914,1010
WA,Pend Oreille,1839,4644,725
WA,Pierce,171536,141499,9506
WA,San Juan,7631,2470,1292
WA,Skagit,27513,22868,4139
WA,Skamania,2266,3079,792
WA,Snohomish,182383,125293,9525
WA,Spokane,94275,111812,9303
WA,Stevens,5420,15998,1999
WA,Thurston,69347,48760,7981
WA,Wahkiakum,932,1592,268
WA,Walla Walla,10609,12621,2524
WA,Whatcom,62519,39902,7036
WA,Whitman,8850,6147,2220
WA,Yakima,32179,41372,4239
WV,Barbour,1162,4878,461
WV,Berkeley,13366,30285,2833
WV,Boone,1307,6760,586
WV,Braxton,1168,3937,374
WV,Brooke,1821,7572,617
WV,Cabell,9673,19219,2230
WV,Calhoun,492,2494,176
WV,Clay,589,2454,114
WV,Doddridge,510,2553,172
WV,Fayette,3464,11630,1062
WV,Gilmer,622,2107,134
WV,Grant,673,4404,112
WV,Greenbrier,3469,10363,1139
WV,Hampshire,1572,7356,528
WV,Hancock,2331,10274,775
WV,Hardy,1269,4655,310
WV,Harrison,7566,20928,2021
WV,Jackson,2158,9939,747
WV,Jefferson,10411,14516,2062
WV,Kanawha,28130,43583,3650
WV,Lewis,1286,5822,455
WV,Lincoln,1105,5668,360
WV,Logan,1304,11099,573
WV,McDowell,1180,4947,180
WV,Marion,5867,16043,1832
WV,Marshall,2311,10417,941
WV,Mason,1197,8761,679
WV,Mercer,4126,18219,1272
WV,Mineral,1927,9860,633
WV,Mingo,561,8843,289
WV,Monongalia,16145,17736,3293
WV,Monroe,1121,4883,400
WV,Morgan,1474,6480,534
WV,Nicholas,1692,7786,606
WV,Ohio,5198,10913,1963
WV,Pendleton,786,2619,123
WV,Pleasants,665,2656,266
WV,Pocahontas,963,2672,342
WV,Preston,2579,10439,959
WV,Putnam,5595,18116,1839
WV,Raleigh,5579,21126,1580
WV,Randolph,2603,8482,794
WV,Ritchie,607,3643,238
WV,Roane,1092,4148,368
WV,Summers,1182,3745,328
WV,Taylor,1450,5187,522
WV,Tucker,908,2835,245
WV,Tyler,561,3350,222
WV,Upshur,1775,7657,719
WV,Wayne,2051,12493,1010
WV,Webster,575,2596,174
WV,Wetzel,1107,5060,639
WV,Wirt,486,2225,167
WV,Wood,6210,25200,2314
WV,Wyoming,913,6798,330
WI,Adams,3020,6479,707
WI,Ashland,3722,3448,829
WI,Barron,6465,14148,1665
WI,Bayfield,4426,4344,722
WI,Brown,54562,65973,5735
WI,Buffalo,2143,4284,689
WI,Burnett,2504,5771,627
WI,Calumet,10379,14245,2250
WI,Chippewa,10631,17952,2326
WI,Clark,3621,8758,1125
WI,Columbia,12089,13164,2721
WI,Crawford,3008,4089,788
WI,Dane,211895,69078,8774
WI,Dodge,12187,24009,2815
WI,Door,8184,8049,1551
WI,Douglas,8821,10856,2195
WI,Dunn,8446,11662,2128
WI,Eau Claire,27105,20153,3863
WI,Florence,788,2092,138
WI,Fond du Lac,16613,28235,3066
WI,Forest,1387,3024,258
WI,Grant,9076,12112,2657
WI,Green,8760,8422,1809
WI,Green Lake,2362,6126,816
WI,Iowa,6151,4671,1394
WI,Iron,1202,2236,191
WI,Jackson,3224,5264,944
WI,Jefferson,16196,20644,3390
WI,Juneau,3048,7790,816
WI,Kenosha,35836,34142,4405
WI,Kewaunee,3215,6650,854
WI,La Crosse,32962,23270,3843
WI,Lafayette,2824,4122,689
WI,Langlade,2863,6389,727
WI,Lincoln,4669,8358,1481
WI,Manitowoc,12285,20810,2914
WI,Marathon,26929,36868,3687
WI,Marinette,4820,13480,1181
WI,Marquette,2354,4877,621
WI,Menominee,1078,543,9
WI,Milwaukee,299913,124134,8961
WI,Monroe,6238,11612,1887
WI,Oconto,4948,13630,1240
WI,Oneida,7669,11892,1852
WI,Outagamie,40040,48512,4884
WI,Ozaukee,22040,26780,3869
WI,Pepin,1261,2450,314
WI,Pierce,7899,11490,2128
WI,Polk,6075,14414,1908
WI,Portage,18168,15329,2864
WI,Price,2294,4718,562
WI,Racine,42575,45228,4196
WI,Richland,3060,3893,775
WI,Rock,39318,28401,4352
WI,Rusk,1742,4872,564
WI,St. Croix,17105,25272,3803
WI,Sauk,13401,14275,2452
WI,Sawyer,3196,5427,740
WI,Shawano,5280,12392,1448
WI,Sheboygan,21973,29634,3909
WI,Taylor,2116,6792,808
WI,Trempealeau,4766,7997,1133
WI,Vernon,5679,7158,1330
WI,Vilas,4517,7965,1131
WI,Walworth,19030,25923,3674
WI,Washburn,2780,5688,747
WI,Washington,21790,50739,4456
WI,Waukesha,79435,141052,7408
WI,Waupaca,7836,12341,2047
WI,Waushara,3296,7930,913
WI,Winnebago,37912,41619,5181
WI,Wood,13626,19156,2340
WY,Albany,7462,7094,2841
WY,Big Horn,748,3931,1097
WY,Campbell,1293,16103,1503
WY,Carbon,1111,4533,1031
WY,Converse,749,5993,727
WY,Crook,487,3561,276
WY,Fremont,3971,11082,2104
WY,Goshen,954,4538,736
WY,Hot Springs,589,2081,402
WY,Johnson,854,3634,454
WY,Laramie,11700,23770,4122
WY,Lincoln,1330,6527,1662
WY,Natrona,5779,23614,3252
WY,Niobrara,352,1324,105
WY,Park,2725,10933,1901
WY,Platte,729,3618,585
WY,Sheridan,2886,10534,1770
WY,Sublette,850,3544,532
WY,Sweetwater,2822,12319,2069
WY,Teton,8878,3267,1919
WY,Uinta,1339,5682,1681
WY,Washakie,690,2882,601
WY,Weston,521,3173,288
CT,Statewide writein,28642,28657,357
ME,Maine UOCAVA,17214,13922,821
RI,Federal Precinct,19968,19396,281
CO,Broomfield,24211,13679,3813
AK,District 1,3064,816,1103
AK,District 2,665,1194,775
AK,District 3,1319,5747,1241
AK,District 4,4946,4090,1689
AK,District 5,2662,2936,1228
AK,District 6,2542,4049,1251
AK,District 7,1564,6129,977
AK,District 8,1177,5700,803
AK,District 9,1874,5471,1348
AK,District 10,1891,5862,1348
AK,District 11,1873,6494,1462
AK,District 12,1752,7406,1337
AK,District 13,1030,4770,1034
AK,District 14,2273,7358,1901
AK,District 15,590,2787,678
AK,District 16,2247,3353,1171
AK,District 17,3078,2812,1219
AK,District 18,2958,2014,1111
AK,District 19,1343,0,486
AK,District 20,4220,0,1018
AK,District 21,4333,1206,1262
AK,District 22,3088,3478,1191
AK,District 23,2456,1031,978
AK,District 24,3444,4195,1021
AK,District 25,2608,2138,1184
AK,District 26,3192,1432,1261
AK,District 27,2639,1780,1245
AK,District 28,5986,4123,1696
AK,District 29,1956,5298,1288
AK,District 30,617,5559,1190
AK,District 31,2241,5759,1442
AK,District 32,475,3864,1210
AK,District 33,7554,2176,1567
AK,District 34,3395,4769,1589
AK,District 35,4302,4220,1499
AK,District 36,2096,6106,1556
AK,District 37,2314,2300,1079
AK,District 38,1985,686,1651
AK,District 39,2912,855,1506
AK,District 40,2149,1572,1375
AK,District 99,19610,19383,270
